day,hour_in_day,hour,sim_cooling_load_kw,Q_chiller1_kw,Q_chiller2_kw,Q_ice_discharge_kw,Q_ice_charge_kw,Tank_SOC_start_kWh,Tank_SOC_end_kWh,P_chiller_kw,P_ice_make_kw,P_pump_kw,P_total_kw,P_total_kva,P_target_kva,P_excess_kva,tou_price,hourly_energy_cost,solver_status
1,0,0,2294.2950248186335,2294.295,0.0,0.0,5016.0,0.0,5016.0,409.76870869798176,1183.0188679245282,95.88590049637267,1688.6734771188826,1986.6746789633914,2400.0,0.0,0.2203,372.0147670092898,Optimal
1,1,1,3031.9917008192465,3031.9917,0.0,0.0,5016.0,5016.0,10032.0,541.5237899624933,1183.0188679245282,110.63983401638492,1835.1824919034063,2159.0382257687133,2400.0,0.0,0.2203,404.2907029663204,Optimal
1,2,2,3257.2554310206265,3257.2554,0.0,0.0,5016.0,10032.0,15048.0,581.756635113413,1183.0188679245282,115.14510862041253,1879.9206116583537,2211.6713078333573,2400.0,0.0,0.2203,414.1465107483353,Optimal
1,3,3,3296.210411229811,3296.2104,0.0,0.0,5016.0,15048.0,20064.0,588.714127522772,1183.0188679245282,115.92420822459623,1887.6572036718965,2220.7731807904665,2400.0,0.0,0.2203,415.85088196891877,Optimal
1,4,4,3392.597657729562,3392.5977,0.0,0.0,5016.0,20064.0,25080.0,605.9292195034827,1183.0188679245282,117.85195315459124,1906.8000405826022,2243.2941653912967,2400.0,0.0,0.2203,420.06804894034724,Optimal
1,5,5,3547.7471454939323,3547.7471,0.0,0.0,5016.0,25080.0,30096.0,633.6394177531702,1183.0188679245282,120.95494290987865,1937.613228587577,2279.544974808914,2400.0,0.0,0.2203,426.8561942578432,Optimal
1,6,6,3948.3216916957717,3948.3217,0.0,0.0,5016.0,30096.0,35112.0,705.1833720307197,1183.0188679245282,128.96643383391543,2017.1686737891634,2373.139616222545,2400.0,0.0,0.2203,444.3822588357527,Optimal
1,7,7,4742.036438416033,4742.0364,0.0,0.0,4444.435,35112.0,39556.435,846.9434541882479,1048.2158018867924,144.84072876832067,2039.9999848433608,2399.9999821686597,2400.0,0.0,0.2203,449.4119966609924,Optimal
1,8,8,7069.303326862967,668.36333,0.0,6400.94,0.0,39556.435,33155.495,119.37191105554564,0.0,191.38606653725935,310.757977592805,365.59762069741765,2400.0,0.0,0.9564,297.2089297697587,Optimal
1,9,9,10075.920263999997,3674.9803,0.0,6400.94,0.0,33155.495,26754.555,656.3636899446329,0.0,251.51840527999994,907.8820952246328,1068.096582617215,2400.0,0.0,1.1477,1041.9762806893111,Optimal
1,10,10,11018.601786522775,4617.6618,0.0,6400.94,0.0,26754.555,20353.615,824.7297374531166,0.0,270.37203573045554,1095.1017731835723,1288.355027274791,2400.0,0.0,1.1477,1256.8483050827858,Optimal
1,11,11,10412.756227784095,7032.0,2834.096,546.66019,0.0,20353.615,19806.955,1781.744868434961,0.0,258.2551245556819,2039.999992990643,2399.999991753698,2400.0,0.0,0.2203,449.41199845583867,Optimal
1,12,12,10145.643704945158,7032.0,2862.8908,250.75294,0.0,19806.955,19556.202,1787.0871318857958,0.0,252.91287409890316,2040.0000059846989,2400.0000070408223,2400.0,0.0,0.2203,449.41200131842913,Optimal
1,13,13,10397.411954971403,7032.0,2835.7502,529.6618,0.0,19556.202,19026.54,1782.0517701047197,0.0,257.94823909942806,2040.0000092041478,2400.0000108284094,2400.0,0.0,0.5796,1182.384005334724,Optimal
1,14,14,10744.868928993874,7032.0,2798.2943,914.57464,0.0,19026.54,18111.965,1775.1026235370018,0.0,264.89737857987745,2040.0000021168794,2400.0000024904466,2400.0,0.0,0.5796,1182.3840012269434,Optimal
1,15,15,10847.412741767312,4446.4727,0.0,6400.94,0.0,18111.965,11711.025,794.1547954991963,0.0,266.94825483534623,1061.1030503345426,1248.3565298053443,2400.0,0.0,1.1477,1217.8279708689545,Optimal
1,16,16,10024.549934630568,3623.6099,0.0,6400.94,0.0,11711.025,5310.0855,647.1887658510448,0.0,250.49099869261136,897.6797645436561,1056.0938406395956,2400.0,0.0,1.1477,1030.267065766754,Optimal
1,17,17,8180.436247925853,2870.3508,0.0,5310.0855,0.0,5310.0855,0.0,512.6541882479014,0.0,213.60872495851706,726.2629132064185,854.4269567134336,2400.0,0.0,0.9564,694.5978501906187,Optimal
1,18,18,6783.075997642894,6783.076,0.0,0.0,0.0,0.0,0.0,1211.4799071262726,0.0,185.6615199528579,1397.1414270791304,1643.6957965636827,2400.0,0.0,0.9564,1336.2260608584804,Optimal
1,19,19,6328.196717584396,6328.1967,0.0,0.0,0.0,0.0,0.0,1130.2369530273263,0.0,176.56393435168792,1306.8008873790143,1537.4128086811934,2400.0,0.0,0.9564,1249.8243686892893,Optimal
1,20,20,6069.487934191496,6069.4879,0.0,0.0,0.0,0.0,0.0,1084.0307019110555,0.0,171.3897586838299,1255.4204605948855,1476.965247758689,2400.0,0.0,0.9564,1200.6841285129485,Optimal
1,21,21,5794.200196846008,5794.2002,0.0,0.0,0.0,0.0,0.0,1034.8634041793177,0.0,165.88400393692018,1200.747408116238,1412.6440095485152,2400.0,0.0,0.9564,1148.3948211223699,Optimal
1,22,22,5453.528531340209,5453.5285,0.0,0.0,0.0,0.0,0.0,974.0183068405073,0.0,159.07057062680417,1133.0888774673115,1333.045738196837,2400.0,0.0,0.9564,1083.6862024097368,Optimal
1,23,23,5144.063485977029,5144.0635,0.0,0.0,0.0,0.0,0.0,918.7468297910341,0.0,152.88126971954057,1071.6280995105747,1260.7389406006762,2400.0,0.0,0.5796,621.1156464763291,Optimal
2,0,24,4903.361736591409,4903.3617,0.0,0.0,4308.5865,0.0,4308.5865,875.7566886944097,1016.1760613207548,148.0672347318282,2039.9999847469926,2399.9999820552853,2400.0,0.0,0.2203,449.41199663976244,Optimal
2,1,25,4673.974835744366,4673.9748,0.0,0.0,4501.7482,4308.5865,8810.3348,834.7874263261297,1061.7330660377359,143.47949671488732,2039.9999890787528,2399.9999871514738,2400.0,0.0,0.2203,449.41199759404924,Optimal
2,2,26,4514.617931896514,4514.6179,0.0,0.0,4635.9392,8810.3348,13446.274,806.3257545990356,1093.3818867924526,140.2923586379303,2040.0000000294185,2400.00000003461,2400.0,0.0,0.2203,449.41200000648087,Optimal
2,3,27,4409.635401036472,4409.6354,0.0,0.0,4724.3427,13446.274,18170.617,787.575531344883,1114.2317688679245,138.19270802072944,2040.000008233537,2400.000009686514,2400.0,0.0,0.2203,449.41200181384824,Optimal
2,4,28,4364.642582508751,4364.6426,0.0,0.0,4762.2301,18170.617,22932.847,779.539667797821,1123.1674764150941,137.292851650175,2039.9999958630901,2399.9999951330474,2400.0,0.0,0.2203,449.41199908863877,Optimal
2,5,29,4426.474414486422,4426.4744,0.0,0.0,4710.1629,22932.847,27643.01,790.583032684408,1110.8874764150944,138.52948828972842,2039.9999973892309,2399.999996928507,2400.0,0.0,0.2203,449.4119994248476,Optimal
2,6,30,4597.7871677134735,4597.7872,0.0,0.0,4565.9042,27643.01,32208.914,821.1800678692623,1076.8641981132075,141.9557433542695,2040.0000093367394,2400.0000109843995,2400.0,0.0,0.2203,449.4120020568837,Optimal
2,7,31,5067.967701871044,5067.9677,0.0,0.0,4169.9755,32208.914,36378.889,905.1558671191284,983.484787735849,151.35935403742087,2040.0000088923982,2400.000010461645,2400.0,0.0,0.2203,449.41200195899535,Optimal
2,8,32,6075.661266833404,0.0,0.0,6075.6613,0.0,36378.889,30303.228,0.0,0.0,171.51322533666809,171.51322533666809,201.78026510196247,2400.0,0.0,0.9564,164.03524871198937,Optimal
2,9,33,7209.935835520947,808.99584,0.0,6400.94,0.0,30303.228,23902.288,144.48934452580818,0.0,194.19871671041895,338.6880612362271,398.45654263085544,2400.0,0.0,1.1477,388.7122878808178,Optimal
2,10,34,8108.64966172681,1707.7097,0.0,6400.94,0.0,23902.288,17501.348,305.00262546883374,0.0,212.17299323453622,517.17561870337,608.4419043569059,2400.0,0.0,1.1477,593.5624575858577,Optimal
2,11,35,8789.656171894923,7032.0,1757.6562,0.0,984.41162,17501.348,18485.76,1582.0343304015657,232.17255188679243,225.79312343789846,2040.0000057262566,2400.000006736773,2400.0,0.0,0.2203,449.4120012614943,Optimal
2,12,36,8669.969982688892,7032.0,1637.97,0.0,1088.7112,18485.76,19574.471,1559.8290984906196,256.77150943396225,223.39939965377783,2040.0000075783596,2400.0000089157174,2400.0,0.0,0.2203,449.4120016695126,Optimal
2,13,37,8193.57335928308,7032.0,1161.5734,0.0,1503.8632,19574.471,21078.334,1471.443829473922,354.68471698113206,213.8714671856616,2040.000013640716,2400.000016047901,2400.0,0.0,0.5796,1182.384007906159,Optimal
2,14,38,7963.553703654102,7032.0,931.5537,0.0,1704.3119,21078.334,22782.646,1428.7685604572243,401.96035377358487,209.27107407308205,2039.999988303891,2399.9999862398718,2400.0,0.0,0.5796,1182.3839932209353,Optimal
2,15,39,7801.456729802244,1400.5167,0.0,6400.94,0.0,22782.646,16381.706,250.13693516699408,0.0,206.02913459604488,456.166069763039,536.6659644271047,2400.0,0.0,1.1477,523.5417982670398,Optimal
2,16,40,7640.183317386076,1239.2433,0.0,6400.94,0.0,16381.706,9980.7659,221.33297017324523,0.0,202.80366634772153,424.13663652096676,498.9842782599609,2400.0,0.0,1.1477,486.7816177351135,Optimal
2,17,41,7159.297954615732,758.35795,0.0,6400.94,0.0,9980.7659,3579.8259,135.44524915163421,0.0,193.18595909231465,328.6312082439489,386.624950875234,2400.0,0.0,0.9564,314.30288756451273,Optimal
2,18,42,6539.229493104941,2959.4036,0.0,3579.8259,0.0,3579.8259,0.0,528.5593141632435,0.0,180.7845898620988,709.3439040253422,834.5222400298144,2400.0,0.0,0.9564,678.4165098098373,Optimal
2,19,43,6047.447334457896,6047.4473,0.0,0.0,0.0,0.0,0.0,1080.094177531702,0.0,170.94894668915794,1251.04312422086,1471.8154402598352,2400.0,0.0,0.9564,1196.4976440048304,Optimal
2,20,44,5555.23925537057,5555.2393,0.0,0.0,0.0,0.0,0.0,992.184193606001,0.0,161.10478510741143,1153.2889787134125,1356.81056319225,2400.0,0.0,0.9564,1103.0055792415078,Optimal
2,21,45,5287.515955237179,5287.516,0.0,0.0,0.0,0.0,0.0,944.3679228433648,0.0,155.7503191047436,1100.1182419481083,1294.2567552330686,2400.0,0.0,0.9564,1052.1530865991708,Optimal
2,22,46,5078.23722887374,5078.2372,0.0,0.0,0.0,0.0,0.0,906.9900339346311,0.0,151.5647445774748,1058.554778512106,1245.3585629554188,2400.0,0.0,0.9564,1012.4017901689781,Optimal
2,23,47,4868.406584344119,4868.4066,0.0,0.0,0.0,0.0,0.0,869.5135917128059,0.0,147.3681316868824,1016.8817233996883,1196.331439293751,2400.0,0.0,0.5796,589.3846468824594,Optimal
3,0,48,4591.654246242958,4591.6542,0.0,0.0,4571.0686,0.0,4571.0686,820.0846936953027,1078.082216981132,141.83308492485918,2039.999995601294,2399.9999948250515,2400.0,0.0,0.2203,449.41199903096503,Optimal
3,1,49,4405.855295162932,4405.8553,0.0,0.0,4727.5258,4571.0686,9298.5944,786.9003929273084,1114.9825,138.11710590325862,2039.9999988305672,2399.999998624197,2400.0,0.0,0.2203,449.41199974237395,Optimal
3,2,50,4372.488005841652,4372.488,0.0,0.0,4755.6237,9298.5944,14054.218,780.9408823004109,1121.6093632075472,137.44976011683303,2040.0000056247911,2400.0000066174016,2400.0,0.0,0.2203,449.4120012391415,Optimal
3,3,51,4377.874494774103,4377.8745,0.0,0.0,4751.0878,14054.218,18805.306,781.9029290944811,1120.539575471698,137.55748989548206,2039.9999944616613,2399.9999934843077,2400.0,0.0,0.2203,449.41199877990397,Optimal
3,4,52,4293.091660458772,4293.0917,0.0,0.0,4822.4816,18805.306,23627.787,766.7604393641722,1137.3777358490565,135.86183320917544,2040.0000084224043,2400.000009908711,2400.0,0.0,0.2203,449.4120018554557,Optimal
3,5,53,4376.206055763699,4376.2061,0.0,0.0,4752.4928,23627.787,28380.28,781.60494731202,1120.8709433962263,137.52412111527397,2040.0000118235205,2400.0000139100243,2400.0,0.0,0.2203,449.4120026047216,Optimal
3,6,54,4570.654820861534,4570.6548,0.0,0.0,4588.7517,28380.28,32969.032,816.3341310948384,1082.2527594339622,141.4130964172307,2039.9999869460314,2399.99998464239,2400.0,0.0,0.2203,449.4119971242107,Optimal
3,7,55,4689.845305543867,4689.8453,0.0,0.0,4488.384,32969.032,37457.416,837.6219503482764,1058.5811320754717,143.79690611087733,2039.9999885346256,2399.999986511324,2400.0,0.0,0.2203,449.411997474178,Optimal
3,8,56,5104.782127341593,0.0,0.0,5104.7821,0.0,37457.416,32352.634,0.0,0.0,152.09564254683187,152.09564254683187,178.93605005509633,2400.0,0.0,0.9564,145.46427253179002,Optimal
3,9,57,5611.19468876527,0.0,0.0,5611.1947,0.0,32352.634,26741.439,0.0,0.0,162.2238937753054,162.2238937753054,190.85163973565344,2400.0,0.0,1.1477,186.184362885918,Optimal
3,10,58,6039.695169595053,0.0,0.0,6039.6952,0.0,26741.439,20701.744,0.0,0.0,170.79390339190104,170.79390339190104,200.9340039904718,2400.0,0.0,1.1477,196.02016292288482,Optimal
3,11,59,6241.787492542297,6241.7875,0.0,0.0,3181.5275,20701.744,23883.272,1114.8039828540811,750.3602594339623,174.83574985084593,2039.9999921388894,2399.999990751635,2400.0,0.0,0.2203,449.41199826819735,Optimal
3,12,60,6746.303369730345,6746.3034,0.0,0.0,2756.6858,23883.272,26639.957,1204.912198606894,650.1617452830188,184.92606739460692,2040.0000112845196,2400.0000132759055,2400.0,0.0,0.2203,449.41200248597966,Optimal
3,13,61,7587.0132874133205,7032.0,555.01329,0.0,2032.4451,26639.957,28672.402,1358.9094862457216,479.3502594339622,201.7402657482664,2040.0000114279503,2400.0000134446473,2400.0,0.0,0.5796,1182.38400662364,Optimal
3,14,62,7627.976599808259,7032.0,595.9766,0.0,1996.7479,28672.402,30669.15,1366.5093582308793,470.93110849056603,202.5595319961652,2039.9999987176104,2399.9999984913065,2400.0,0.0,0.5796,1182.383999256727,Optimal
3,15,63,7393.195546171294,992.25555,0.0,6400.94,0.0,30669.15,24268.21,177.22013752455794,0.0,197.8639109234259,375.08404844798383,441.2753511152751,2400.0,0.0,1.1477,430.48396240375104,Optimal
3,16,64,7302.706369909525,901.76637,0.0,6400.94,0.0,24268.21,17867.27,161.0584693695303,0.0,196.0541273981905,357.1125967677208,420.1324667855539,2400.0,0.0,1.1477,409.85812731031314,Optimal
3,17,65,6639.254887036303,238.31489,0.0,6400.94,0.0,17867.27,11466.33,42.563831041257366,0.0,182.78509774072606,225.34892878198343,265.11638680233347,2400.0,0.0,0.9564,215.52371548708896,Optimal
3,18,66,5867.004060713314,0.0,0.0,5867.0041,0.0,11466.33,5599.3263,0.0,0.0,167.3400812142663,167.3400812142663,196.87068378148976,2400.0,0.0,0.9564,160.0440536733243,Optimal
3,19,67,5493.750804438631,0.0,0.0,5493.7508,0.0,5599.3263,105.57548,0.0,0.0,159.8750160887726,159.8750160887726,188.08825422208542,2400.0,0.0,0.9564,152.90446538730214,Optimal
3,20,68,5106.228680109465,5000.6532,0.0,105.57548,0.0,105.57548,0.0,893.1332737988926,0.0,152.1245736021893,1045.2578474010818,1229.715114589508,2400.0,0.0,0.9564,999.6846052543947,Optimal
3,21,69,4779.913050310044,4779.9131,0.0,0.0,0.0,0.0,0.0,853.7083586354705,0.0,145.5982610062009,999.3066196416714,1175.6548466372606,2400.0,0.0,0.9564,955.7368510252946,Optimal
3,22,70,4583.601353465378,4583.6014,0.0,0.0,0.0,0.0,0.0,818.6464368637255,0.0,141.67202706930757,960.3184639330331,1129.7864281565096,2400.0,0.0,0.9564,918.4485789055528,Optimal
3,23,71,4414.037846254047,4414.0378,0.0,0.0,0.0,0.0,0.0,788.3618146097517,0.0,138.28075692508094,926.6425715348327,1090.1677312174502,2400.0,0.0,0.5796,537.082034461589,Optimal
4,0,72,4203.086740369273,4203.0867,0.0,0.0,4898.2728,0.0,4898.2728,750.685247365601,1155.2530188679243,134.06173480738545,2040.0000010409105,2400.0000012246005,2400.0,0.0,0.2203,449.4120002293126,Optimal
4,1,73,4027.403606623034,4027.4036,0.0,0.0,5016.0,4898.2728,9914.2728,719.3076620825148,1183.0188679245282,130.54807213246067,2032.8746021395036,2391.617178987651,2400.0,0.0,0.2203,447.84227485133266,Optimal
4,2,74,3923.41237550437,3923.4124,0.0,0.0,5016.0,9914.2728,14930.273,700.7344883014824,1183.0188679245282,128.4682475100874,2012.221603736098,2367.319533807174,2400.0,0.0,0.2203,443.2924193030624,Optimal
4,3,75,3842.0657236629186,3842.0657,0.0,0.0,5016.0,14930.273,19946.273,686.2056974459725,1183.0188679245282,126.84131447325838,1996.0658798437591,2348.312799816187,2400.0,0.0,0.2203,439.73331332958014,Optimal
4,4,76,3778.1856392458076,3778.1856,0.0,0.0,5016.0,19946.273,24962.273,674.7964993748883,1183.0188679245282,125.56371278491615,1983.3790800843326,2333.3871530403912,2400.0,0.0,0.2203,436.9384113425785,Optimal
4,5,77,3889.639519320507,3889.6395,0.0,0.0,5016.0,24962.273,29978.273,694.7025361671728,1183.0188679245282,127.79279038641015,2005.5141944781112,2359.4284640918954,2400.0,0.0,0.2203,441.8147770435279,Optimal
4,6,78,4101.485895582121,4101.4859,0.0,0.0,4983.8286,29978.273,34962.101,732.5390069655294,1175.4312735849055,132.02971791164242,2039.9999984620772,2399.999998190679,2400.0,0.0,0.2203,449.4119996611956,Optimal
4,7,79,4869.3430534713325,4869.3431,0.0,0.0,4337.2329,34962.101,39299.334,869.6808537238793,1022.932287735849,147.38686106942666,2040.000002529155,2400.0000029754765,2400.0,0.0,0.2203,449.4120005571728,Optimal
4,8,80,8530.084934851218,7032.0,1498.0849,0.0,0.0,39299.334,39299.334,1533.8763897707681,0.0,220.60169869702437,1754.4780884677925,2064.0918687856383,2400.0,0.0,0.9564,1677.982843810597,Optimal
4,9,81,11679.979932482995,6345.564,0.0,5334.416,0.0,39299.334,33964.918,1133.3388105018753,0.0,283.5995986496599,1416.9384091515353,1666.9863637076887,2400.0,0.0,1.1477,1626.220212183217,Optimal
4,10,82,12816.005654651199,7032.0,0.0,5784.0057,0.0,33964.918,28180.913,1255.9385604572244,0.0,306.32011309302396,1562.2586735502484,1837.9513806473512,2400.0,0.0,1.1477,1793.00427963362,Optimal
4,11,83,13248.59984130724,7032.0,2528.3921,3688.2077,0.0,28180.913,24492.705,1725.0280038709536,0.0,314.9719968261448,2040.0000006970984,2400.000000820116,2400.0,0.0,0.2203,449.4120001535708,Optimal
4,12,84,13186.426762845493,7032.0,2535.0944,3619.3324,0.0,24492.705,20873.373,1726.2714732587087,0.0,313.7285352569099,2040.0000085156187,2400.000010018375,2400.0,0.0,0.2203,449.41200187599077,Optimal
4,13,85,13352.837994094702,7032.0,2517.1552,3803.6828,0.0,20873.373,17069.69,1722.9432357818998,0.0,317.05675988189404,2039.999995663794,2399.999994898581,2400.0,0.0,0.5796,1182.3839974867349,Optimal
4,14,86,13256.421296200604,7032.0,2527.5489,3696.8724,0.0,17069.69,13372.817,1724.871566023087,0.0,315.1284259240121,2039.9999919470993,2399.9999905259992,2400.0,0.0,0.5796,1182.3839953325387,Optimal
4,15,87,13068.403937103847,7032.0,0.0,6036.4039,0.0,13372.817,7336.4135,1255.9385604572244,0.0,311.36807874207693,1567.3066391993013,1843.890163763884,2400.0,0.0,1.1477,1798.7978298090381,Optimal
4,16,88,12800.06465956548,7032.0,0.0,5768.0647,0.0,7336.4135,1568.3488,1255.9385604572244,0.0,306.0012931913096,1561.9398536485342,1837.5762984100402,2400.0,0.0,1.1477,1792.6383700324225,Optimal
4,17,89,11335.024340820186,7032.0,2734.6755,1568.3488,0.0,1568.3488,0.0,1763.299506653885,0.0,276.7004868164037,2039.9999934702887,2399.9999923179867,2400.0,0.0,0.9564,1951.0559937549842,Optimal
4,18,90,8348.510699772349,7032.0,1316.5107,0.0,0.0,0.0,0.0,1500.1891541492466,0.0,216.97021399544698,1717.1593681446936,2020.1874919349339,2400.0,0.0,0.9564,1642.2912196935852,Optimal
4,19,91,6560.657901214422,6560.6579,0.0,0.0,0.0,0.0,0.0,1171.755295588498,0.0,181.21315802428845,1352.9684536127866,1591.7275924856312,2400.0,0.0,0.9564,1293.9790290352691,Optimal
4,20,92,6519.990129609003,6519.9901,0.0,0.0,0.0,0.0,0.0,1164.4918914091802,0.0,180.39980259218007,1344.8916940013603,1582.2255223545415,2400.0,0.0,0.9564,1286.254416142901,Optimal
4,21,93,6269.864755846651,6269.8648,0.0,0.0,0.0,0.0,0.0,1119.8186819074836,0.0,175.39729511693304,1295.2159770244166,1523.7835023816667,2400.0,0.0,0.9564,1238.744560426152,Optimal
4,22,94,5981.979996213104,5981.98,0.0,0.0,0.0,0.0,0.0,1068.4015002679048,0.0,169.6395999242621,1238.0411001921668,1456.5189414025492,2400.0,0.0,0.9564,1184.0625082237884,Optimal
4,23,95,5808.5217322202725,5808.5217,0.0,0.0,0.0,0.0,0.0,1037.4212716556528,0.0,166.17043464440545,1203.5917063000584,1415.990242705951,2400.0,0.0,0.5796,697.6017529715139,Optimal
5,0,96,5594.7622068717765,5594.7622,0.0,0.0,3726.3734,0.0,3726.3734,999.2431148419361,878.8616509433962,161.89524413743553,2040.000009922768,2400.0000116738447,2400.0,0.0,0.2203,449.4120021859858,Optimal
5,1,97,5400.866977408157,5400.867,0.0,0.0,3889.6483,3726.3734,7616.0216,964.6127879978568,917.3698820754717,158.01733954816314,2040.0000096214915,2400.000011319402,2400.0,0.0,0.2203,449.41200211961456,Optimal
5,2,98,5317.374093332216,5317.3741,0.0,0.0,3959.9558,7616.0216,11575.977,949.7006786926237,933.9518396226415,156.34748186664433,2040.0000001819096,2400.0000002140114,2400.0,0.0,0.2203,449.4120000400747,Optimal
5,3,99,5239.194365671448,5239.1944,0.0,0.0,4025.7892,11575.977,15601.767,935.7375245579568,949.4785849056603,154.78388731342898,2039.9999967770461,2399.9999962082898,2400.0,0.0,0.2203,449.41199928998327,Optimal
5,4,100,5245.912397289266,5245.9124,0.0,0.0,4020.1321,15601.767,19621.899,936.9373816752992,948.144363207547,154.9182479457853,2039.9999928286315,2399.999991563096,2400.0,0.0,0.2203,449.41199842014754,Optimal
5,5,101,5369.142453549922,5369.1425,0.0,0.0,3916.3628,19621.899,23538.262,958.9466869083765,923.6704716981131,157.38284907099842,2040.0000076774882,2400.000009032339,2400.0,0.0,0.2203,449.4120016913506,Optimal
5,6,102,5548.003939744796,5548.0039,0.0,0.0,3765.7475,23538.262,27304.009,990.8919271298445,888.1479952830188,160.96007879489594,2040.0000012077592,2400.000001420893,2400.0,0.0,0.2203,449.41200026606936,Optimal
5,7,103,6460.059784729352,6460.0598,0.0,0.0,2997.7252,27304.009,30301.734,1153.7881407394177,707.0106603773585,179.20119569458706,2039.9999968113634,2399.9999962486627,2400.0,0.0,0.2203,449.41199929754333,Optimal
5,8,104,9367.628725655593,7032.0,2335.6287,0.0,0.0,30301.734,30301.734,1689.2648498820854,0.0,237.35257451311188,1926.6174243951973,2266.608734582585,2400.0,0.0,0.9564,1842.6169046915668,Optimal
5,9,105,11768.403943307809,7032.0,0.0,4736.4039,0.0,30301.734,25565.33,1255.9385604572244,0.0,285.36807886615617,1541.3066393233805,1813.3019286157419,2400.0,0.0,1.1477,1768.9576299514438,Optimal
5,10,106,12267.071172772956,7032.0,0.0,5235.0712,0.0,25565.33,20330.259,1255.9385604572244,0.0,295.3414234554591,1551.2799839126835,1825.0352751913924,2400.0,0.0,1.1477,1780.4040375365869,Optimal
5,11,107,12238.940020312099,7032.0,2637.2334,2569.7066,0.0,20330.259,17760.553,1745.2211949655732,0.0,294.778800406242,2039.9999953718152,2399.9999945550767,2400.0,0.0,0.2203,449.4119989804109,Optimal
5,12,108,11945.727949750797,7032.0,2668.8417,2244.8863,0.0,17760.553,15515.666,1751.0854435741076,0.0,288.9145589950159,2040.0000025691234,2400.0000030224983,2400.0,0.0,0.2203,449.41200056597785,Optimal
5,13,109,11936.173203919885,7032.0,2669.8717,2234.3015,0.0,15515.666,13281.365,1751.2765381937736,0.0,288.7234640783977,2040.0000022721713,2400.0000026731427,2400.0,0.0,0.5796,1182.3840013169504,Optimal
5,14,110,12288.783376823527,7032.0,2631.8603,2624.9231,0.0,13281.365,10656.442,1744.2243304015658,0.0,295.77566753647056,2039.9999979380364,2399.9999975741603,2400.0,0.0,0.5796,1182.3839988048858,Optimal
5,15,111,12235.094139657393,7032.0,0.0,5203.0941,0.0,10656.442,5453.3476,1255.9385604572244,0.0,294.7018827931479,1550.6404432503723,1824.2828744122028,2400.0,0.0,1.1477,1779.6700367184521,Optimal
5,16,112,12655.908294004901,7032.0,1453.7206,4170.1877,0.0,5453.3476,1283.1599,1525.6455363384862,0.0,303.118165880098,1828.763702218584,2151.4867084924517,2400.0,0.0,1.1477,2098.8721010362688,Optimal
5,17,113,11077.587126901039,7032.0,2762.4273,1283.1599,0.0,1283.1599,0.0,1768.4482636112134,0.0,271.5517425380208,2040.0000061492342,2400.0000072343933,2400.0,0.0,0.9564,1951.0560058811277,Optimal
5,18,114,7864.5720123037145,7032.0,832.57201,0.0,0.0,0.0,0.0,1410.4046105499888,0.0,207.2914402460743,1617.696050796063,1903.1718244659564,2400.0,0.0,0.9564,1547.1645029813546,Optimal
5,19,115,6703.829900234544,6703.8299,0.0,0.0,0.0,0.0,0.0,1197.3262904090016,0.0,184.07659800469088,1381.4028884136924,1625.1798687219912,2400.0,0.0,0.9564,1321.1737224788553,Optimal
5,20,116,6188.4575682898985,6188.4576,0.0,0.0,0.0,0.0,0.0,1105.279085550991,0.0,173.76915136579797,1279.0482369167892,1504.7626316668109,2400.0,0.0,0.9564,1223.2817337872173,Optimal
5,21,117,5826.250940419551,5826.2509,0.0,0.0,0.0,0.0,0.0,1040.5877656724415,0.0,166.525018808391,1207.1127844808325,1420.132687624509,2400.0,0.0,0.9564,1154.4826670774682,Optimal
5,22,118,5515.485498577504,5515.4855,0.0,0.0,0.0,0.0,0.0,985.0840328630112,0.0,160.3097099715501,1145.3937428345612,1347.5220503936014,2400.0,0.0,0.9564,1095.4545756469743,Optimal
5,23,119,5175.285719855589,5175.2857,0.0,0.0,0.0,0.0,0.0,924.3232184318629,0.0,153.50571439711177,1077.8289328289748,1268.0340386223234,2400.0,0.0,0.5796,624.7096494676738,Optimal
6,0,120,4937.316036272157,4937.316,0.0,0.0,4279.9944,0.0,4279.9944,881.8210394713341,1009.4326415094338,148.74632072544316,2040.0000017062112,2400.000002007307,2400.0,0.0,0.2203,449.41200037587834,Optimal
6,1,121,4738.68760260886,4738.6876,0.0,0.0,4447.255,4279.9944,8727.2494,846.3453473834613,1048.880896226415,144.7737520521772,2039.9999956620536,2399.9999948965337,2400.0,0.0,0.2203,449.4119990443504,Optimal
6,2,122,4590.408638569261,4590.4086,0.0,0.0,4572.1175,8727.2494,13299.367,819.8622253973923,1078.3295990566037,141.80817277138522,2039.9999972253813,2399.9999967357426,2400.0,0.0,0.2203,449.4119993887515,Optimal
6,3,123,4524.5469717655005,4524.547,0.0,0.0,4627.5781,13299.367,17926.945,808.0991248437219,1091.409929245283,140.49093943531,2039.999993524315,2399.999992381547,2400.0,0.0,0.2203,449.41199857340655,Optimal
6,4,124,4567.161871238675,4567.1619,0.0,0.0,4591.6931,17926.945,22518.638,815.7102875513484,1082.9464858490567,141.34323742477352,2040.0000108251788,2400.0000127355047,2400.0,0.0,0.2203,449.4120023847869,Optimal
6,5,125,4523.661628131746,4523.6616,0.0,0.0,4628.3237,22518.638,27146.962,807.940989462404,1091.5857783018866,140.4732325626349,2040.0000003269254,2400.000000384618,2400.0,0.0,0.2203,449.41200007202167,Optimal
6,6,126,4599.339063395515,4599.3391,0.0,0.0,4564.5974,27146.962,31711.559,821.457242364708,1076.5559905660375,141.98678126791032,2040.000014198656,2400.0000167043013,2400.0,0.0,0.2203,449.4120031279639,Optimal
6,7,127,5590.366365351653,5590.3664,0.0,0.0,3730.075,31711.559,35441.634,998.4580103589926,879.7346698113207,161.80732730703306,2040.0000074773466,2400.0000087968783,2400.0,0.0,0.2203,449.41200164725944,Optimal
6,8,128,8614.044319437391,7032.0,1582.0443,0.0,0.0,35441.634,35441.634,1549.453272887651,0.0,222.28088638874783,1771.734159276399,2084.3931285604694,2400.0,0.0,0.9564,1694.486549931948,Optimal
6,9,129,10754.436454073293,4353.4965,0.0,6400.94,0.0,35441.634,29040.694,777.548937310234,0.0,265.0887290814659,1042.6376663917,1226.6325486961175,2400.0,0.0,1.1477,1196.6352497177538,Optimal
6,10,130,11556.523576445266,5155.5836,0.0,6400.94,0.0,29040.694,22639.754,920.8043579210573,0.0,281.13047152890533,1201.9348294499628,1414.0409758234857,2400.0,0.0,1.1477,1379.4606037597223,Optimal
6,11,131,12377.037755639652,7032.0,2622.3465,2722.6913,0.0,22639.754,19917.063,1742.459246913625,0.0,297.540755112793,2040.000002026418,2400.000002384021,2400.0,0.0,0.2203,449.4120004464199,Optimal
6,12,132,12575.476621850768,7032.0,2600.9548,2942.5218,0.0,19917.063,16974.541,1738.490471403421,0.0,301.50953243701537,2040.0000038404364,2400.0000045181605,2400.0,0.0,0.2203,449.41200084604816,Optimal
6,13,133,12490.454129388138,7032.0,2610.1202,2848.3339,0.0,16974.541,14126.207,1740.1909166724377,0.0,299.80908258776276,2039.9999992602004,2399.9999991296477,2400.0,0.0,0.5796,1182.3839995712121,Optimal
6,14,134,12066.950898522799,7032.0,2655.7739,2379.177,0.0,14126.207,11747.03,1748.6609908839405,0.0,291.339017970456,2040.0000088543966,2400.000010416937,2400.0,0.0,0.5796,1182.3840051320083,Optimal
6,15,135,11746.57402648501,5345.634,0.0,6400.94,0.0,11747.03,5346.09,954.7479907126273,0.0,284.9314805297002,1239.6794712423275,1458.4464367556795,2400.0,0.0,1.1477,1422.7801291448193,Optimal
6,16,136,11262.696558707516,5916.6065,0.0,5346.09,0.0,5346.09,0.0,1056.7255759957134,0.0,275.25393117415035,1331.9795071698636,1567.0347143174865,2400.0,0.0,1.1477,1528.7128803788523,Optimal
6,17,137,9555.679480507439,7032.0,2523.6795,0.0,0.0,0.0,0.0,1724.1536810509165,0.0,241.11358961014878,1965.2672706610651,2312.0791419541943,2400.0,0.0,0.9564,1879.5816176602427,Optimal
6,18,138,7534.394692139487,7032.0,502.39469,0.0,0.0,0.0,0.0,1349.1472227948868,0.0,200.68789384278975,1549.8351166376765,1823.335431338443,2400.0,0.0,0.9564,1482.2623055522738,Optimal
6,19,139,6509.84025941799,6509.8403,0.0,0.0,0.0,0.0,0.0,1162.6791034113235,0.0,180.1968051883598,1342.8759085996833,1579.8540101172746,2400.0,0.0,0.9564,1284.326518984737,Optimal
6,20,140,6106.850238496939,6106.8502,0.0,0.0,0.0,0.0,0.0,1090.7037328094302,0.0,172.13700476993878,1262.840737579369,1485.694985387493,2400.0,0.0,0.9564,1207.7808814209086,Optimal
6,21,141,5707.439371308332,5707.4394,0.0,0.0,0.0,0.0,0.0,1019.3676370780496,0.0,164.14878742616662,1183.5164245042163,1392.3722641226075,2400.0,0.0,0.9564,1131.9151083958325,Optimal
6,22,142,5354.918962013372,5354.919,0.0,0.0,0.0,0.0,0.0,956.4063225575995,0.0,157.09837924026743,1113.504701797867,1310.0055315269024,2400.0,0.0,0.9564,1064.9558967994801,Optimal
6,23,143,5073.53145832906,5073.5315,0.0,0.0,0.0,0.0,0.0,906.1495802821933,0.0,151.4706291665812,1057.6202094487744,1244.2590699397347,2400.0,0.0,0.5796,612.9966733965097,Optimal
7,0,144,4848.6237323827845,4848.6237,0.0,0.0,4354.6802,0.0,4354.6802,865.980300053581,1027.047216981132,146.9724746476557,2039.9999916823685,2399.9999902145514,2400.0,0.0,0.2203,449.41199816762577,Optimal
7,1,145,4694.278903985152,4694.2789,0.0,0.0,4484.6506,4354.6802,8839.3308,838.4138060367923,1057.7006132075471,143.88557807970307,2039.9999973240424,2399.9999968518146,2400.0,0.0,0.2203,449.41199941048654,Optimal
7,2,146,4638.522866670571,4638.5229,0.0,0.0,4531.6015,8839.3308,13370.932,828.4555992141453,1068.7739386792452,142.7704573334114,2039.9999952268017,2399.9999943844728,2400.0,0.0,0.2203,449.41199894846443,Optimal
7,3,147,4525.187197915556,4525.1872,0.0,0.0,4627.039,13370.932,17997.971,808.2134666904805,1091.2827830188678,140.50374395831113,2039.9999936676595,2399.999992550188,2400.0,0.0,0.2203,449.4119986049854,Optimal
7,4,148,4451.437637405604,4451.4376,0.0,0.0,4689.1419,17997.971,22687.113,795.0415431327023,1105.9296933962262,139.02875274811208,2039.9999892770404,2399.9999873847537,2400.0,0.0,0.2203,449.411997637732,Optimal
7,5,149,4583.230314952665,4583.2303,0.0,0.0,4578.1622,22687.113,27265.276,818.5801571709234,1079.7552358490566,141.6646062990533,2039.9999993190333,2399.999999198863,2400.0,0.0,0.2203,449.41199984998303,Optimal
7,6,150,4799.0215314320885,4799.0215,0.0,0.0,4396.4491,27265.276,31661.725,857.1211823539917,1036.8983726415092,145.98043062864178,2039.999985624143,2399.999983087227,2400.0,0.0,0.2203,449.4119968329987,Optimal
7,7,151,5682.351981508549,5682.352,0.0,0.0,3652.6159,31661.725,35314.341,1014.8869440971602,861.4660141509434,163.64703963017098,2039.9999978782744,2399.9999975038522,2400.0,0.0,0.2203,449.4119995325838,Optimal
7,8,152,8793.411502563002,7032.0,803.10468,958.30682,0.0,35314.341,34356.034,1404.9375734442374,0.0,225.86823005126004,1630.8058034954975,1918.5950629358795,2400.0,0.0,0.9564,1559.702670463094,Optimal
7,9,153,10986.130370478464,4585.1904,0.0,6400.94,0.0,34356.034,27955.094,818.9302375424184,0.0,269.72260740956926,1088.6528449519876,1280.7680528846913,2400.0,0.0,1.1477,1249.446870151396,Optimal
7,10,154,11363.10536162279,4962.1654,0.0,6400.94,0.0,27955.094,21554.154,886.2592248615824,0.0,277.2621072324558,1163.5213320940381,1368.8486259929862,2400.0,0.0,1.1477,1335.3734328443275,Optimal
7,11,155,11780.578724242388,7032.0,2686.6448,2061.934,0.0,21554.154,19492.22,1754.3884305870947,0.0,285.6115744848478,2040.0000050719425,2400.000005966991,2400.0,0.0,0.2203,449.41200111734895,Optimal
7,12,156,11771.182725681338,7032.0,2687.6577,2051.5251,0.0,19492.22,17440.695,1754.5763526650167,0.0,285.42365451362673,2040.0000071786435,2400.000008445463,2400.0,0.0,0.2203,449.4120015814552,Optimal
7,13,157,11679.178233787634,7032.0,2697.5757,1949.6025,0.0,17440.695,15491.092,1756.4164268765194,0.0,283.58356467575265,2039.9999915522721,2399.9999900614966,2400.0,0.0,0.5796,1182.3839951036969,Optimal
7,14,158,12023.038824886466,7032.0,2660.5076,2330.5313,0.0,15491.092,13160.561,1749.5392283607493,0.0,290.4607764977293,2040.0000048584786,2400.0000057158572,2400.0,0.0,0.5796,1182.3840028159743,Optimal
7,15,159,12064.793527834048,5663.8535,0.0,6400.94,0.0,13160.561,6759.621,1011.5830505447401,0.0,291.29587055668094,1302.878921101421,1532.7987307075541,2400.0,0.0,1.1477,1495.3141377481006,Optimal
7,16,160,11709.122788535882,5308.1828,0.0,6400.94,0.0,6759.621,358.68098,948.0590819789247,0.0,284.18245577071764,1232.2415377496422,1449.695926764285,2400.0,0.0,1.1477,1414.2436128752643,Optimal
7,17,161,10243.069274440377,7032.0,2852.3883,358.68098,0.0,358.68098,0.0,1785.1386161158516,0.0,254.86138548880754,2040.0000016046592,2400.0000018878345,2400.0,0.0,0.9564,1951.0560015346962,Optimal
7,18,162,7703.331816640194,7032.0,671.33182,0.0,0.0,0.0,0.0,1380.4899185277254,0.0,204.06663633280388,1584.5565548605293,1864.1841821888581,2400.0,0.0,0.9564,1515.4698890686102,Optimal
7,19,163,6133.51211707151,6133.5121,0.0,0.0,0.0,0.0,0.0,1095.465636720843,0.0,172.6702423414302,1268.135879062273,1491.9245636026742,2400.0,0.0,0.9564,1212.845154735158,Optimal
7,20,164,5669.454231704496,5669.4542,0.0,0.0,0.0,0.0,0.0,1012.5833541703876,0.0,163.38908463408993,1175.9724388044774,1383.496986828797,2400.0,0.0,0.9564,1124.7000404726023,Optimal
7,21,165,5384.9429183005805,5384.9429,0.0,0.0,0.0,0.0,0.0,961.7686908376495,0.0,157.69885836601162,1119.467549203661,1317.0206461219543,2400.0,0.0,0.9564,1070.6587640583814,Optimal
7,22,166,5214.044450739464,5214.0445,0.0,0.0,0.0,0.0,0.0,931.2456688694409,0.0,154.2808890147893,1085.5265578842302,1277.0900680990944,2400.0,0.0,0.9564,1038.1975999604779,Optimal
7,23,167,5012.742376130432,5012.7424,0.0,0.0,0.0,0.0,0.0,895.2924450794785,0.0,150.25484752260866,1045.547292602087,1230.0556383553965,2400.0,0.0,0.5796,605.9992107921696,Optimal
8,0,168,4789.285553004271,4789.2856,0.0,0.0,4404.6476,0.0,4404.6476,855.3823182711199,1038.8319811320755,145.78571106008542,2040.000010463281,2400.0000123097425,2400.0,0.0,0.2203,449.41200230506075,Optimal
8,1,169,4635.28703818866,4635.287,0.0,0.0,4534.3264,4404.6476,8938.974,827.8776567244151,1069.416603773585,142.70574076377318,2040.0000012617734,2400.0000014844395,2400.0,0.0,0.2203,449.4120002779687,Optimal
8,2,170,4523.162796952133,4523.1628,0.0,0.0,4628.7437,8938.974,13567.718,807.8519021253795,1091.6848349056604,140.46325593904265,2039.9999929700828,2399.999991729509,2400.0,0.0,0.2203,449.4119984513092,Optimal
8,3,171,4449.445992216805,4449.446,0.0,0.0,4690.819,13567.718,18258.537,794.6858367565636,1106.3252358490568,138.98891984433612,2039.9999924499566,2399.999991117596,2400.0,0.0,0.2203,449.41199833672545,Optimal
8,4,172,4311.804644262589,4311.8046,0.0,0.0,4806.7238,18258.537,23065.261,770.1026254688337,1133.6612735849055,136.23609288525176,2039.9999919389911,2399.99999051646,2400.0,0.0,0.2203,449.41199822415973,Optimal
8,5,173,4385.848444835012,4385.8484,0.0,0.0,4744.3731,23065.261,27809.634,783.3270941239507,1118.9559198113207,137.71696889670022,2039.9999828319715,2399.9999798023196,2400.0,0.0,0.2203,449.4119962178833,Optimal
8,6,174,4701.978740500063,4701.9787,0.0,0.0,4478.1667,27809.634,32287.8,839.7890158956956,1056.1713915094338,144.03957481000128,2039.9999822151308,2399.9999790766246,2400.0,0.0,0.2203,449.4119960819933,Optimal
8,7,175,5301.258034419591,5301.258,0.0,0.0,3973.5268,32287.8,36261.327,946.8222896945882,937.1525471698113,156.02516068839182,2039.9999975527915,2399.9999971209313,2400.0,0.0,0.2203,449.41199946087994,Optimal
8,8,176,8348.346594913306,7032.0,0.0,1316.3466,0.0,36261.327,34944.981,1255.9385604572244,0.0,216.96693189826613,1472.9054923554904,1732.8299910064593,2400.0,0.0,0.9564,1408.686812888791,Optimal
8,9,177,10701.937911313675,4300.9979,0.0,6400.94,0.0,34944.981,28544.041,768.1725129487409,0.0,264.0387582262735,1032.2112711750144,1214.36620138237,2400.0,0.0,1.1477,1184.668875927564,Optimal
8,10,178,11056.93207587467,4655.9921,0.0,6400.94,0.0,28544.041,22143.101,831.5756563672085,0.0,271.1386415174934,1102.7142978847019,1297.3109386878846,2400.0,0.0,1.1477,1265.5851996822723,Optimal
8,11,179,11362.5164726073,7032.0,2731.7119,1598.8046,0.0,22143.101,20544.296,1762.7496736297662,0.0,277.250329452146,2040.0000030819122,2400.000003625779,2400.0,0.0,0.2203,449.4120006789452,Optimal
8,12,180,11574.5457307508,7032.0,2708.8551,1833.6906,0.0,20544.296,18710.605,1758.509079937744,0.0,281.490914615016,2039.99999455276,2399.9999935914825,2400.0,0.0,0.2203,449.411998799973,Optimal
8,13,181,11409.428562653788,7032.0,2726.6548,1650.7738,0.0,18710.605,17059.832,1761.8114361529572,0.0,278.1885712530758,2040.000007406033,2400.00000871298,2400.0,0.0,0.5796,1182.3840042925367,Optimal
8,14,182,11358.727803007316,7032.0,2732.1203,1594.6075,0.0,17059.832,15465.224,1762.8254435741076,0.0,277.1745560601463,2039.999999634254,2399.999999569711,2400.0,0.0,0.5796,1182.3839997880136,Optimal
8,15,183,11653.267172169657,5252.3272,0.0,6400.94,0.0,15465.224,9064.2841,938.0830862654044,0.0,283.06534344339315,1221.1484297087975,1436.6452114221147,2400.0,0.0,1.1477,1401.5120527767867,Optimal
8,16,184,11293.726463091332,4892.7865,0.0,6400.94,0.0,9064.2841,2663.3441,873.8679228433649,0.0,275.87452926182664,1149.7424521051917,1352.6381789472844,2400.0,0.0,1.1477,1319.5594122811283,Optimal
8,17,185,9621.292438167851,7032.0,0.0,2589.2924,0.0,2663.3441,74.051668,1255.9385604572244,0.0,242.42584876335704,1498.3644092205814,1762.7816579065664,2400.0,0.0,0.9564,1433.035720978564,Optimal
8,18,186,7522.0512217120495,7032.0,415.99955,74.051668,0.0,74.051668,0.0,1333.1184398635323,0.0,200.441024434241,1533.5594642977733,1804.187605056204,2400.0,0.0,0.9564,1466.6962716543903,Optimal
8,19,187,6679.61181854974,6679.6118,0.0,0.0,0.0,0.0,0.0,1193.0008572959457,0.0,183.5922363709948,1376.5930936669406,1619.521286666989,2400.0,0.0,0.9564,1316.573634783062,Optimal
8,20,188,6213.301681698238,6213.3017,0.0,0.0,0.0,0.0,0.0,1109.7163243436328,0.0,174.26603363396475,1283.9823579775975,1510.5674799736441,2400.0,0.0,0.9564,1228.0007271697743,Optimal
8,21,189,5686.808586700157,5686.8086,0.0,0.0,0.0,0.0,0.0,1015.6829076620826,0.0,163.73617173400316,1179.4190793960856,1387.551858113042,2400.0,0.0,0.9564,1127.9964075344162,Optimal
8,22,190,5234.898382721992,5234.8984,0.0,0.0,0.0,0.0,0.0,934.9702446865512,0.0,154.69796765443982,1089.668212340991,1281.9626027541071,2400.0,0.0,0.9564,1042.1586782829238,Optimal
8,23,191,4856.314497551375,4856.3145,0.0,0.0,0.0,0.0,0.0,867.3539024825862,0.0,147.1262899510275,1014.4801924336138,1193.506108745428,2400.0,0.0,0.5796,587.9927195345225,Optimal
9,0,192,4638.22827688328,4638.2283,0.0,0.0,4531.8496,0.0,4531.8496,828.4029826754777,1068.8324528301885,142.7645655376656,2040.0000010433318,2400.0000012274495,2400.0,0.0,0.2203,449.412000229846,Optimal
9,1,193,4533.88112036052,4533.8811,0.0,0.0,4619.7181,4531.8496,9151.5677,809.7662261118056,1089.5561556603773,140.6776224072104,2040.0000041793933,2400.0000049169334,2400.0,0.0,0.2203,449.41200092072035,Optimal
9,2,194,4473.084727719577,4473.0847,0.0,0.0,4670.9134,9151.5677,13822.481,798.9077871048402,1101.6305188679246,139.46169455439156,2040.0000005271563,2400.000000620184,2400.0,0.0,0.2203,449.4120001161325,Optimal
9,3,195,4409.921879336518,4409.9219,0.0,0.0,4724.1014,13822.481,18546.582,787.6267011966423,1114.1748584905658,138.19843758673036,2039.9999972739386,2399.999996792869,2400.0,0.0,0.2203,449.41199939944863,Optimal
9,4,196,4388.9970157758335,4388.997,0.0,0.0,4741.7218,18546.582,23288.304,783.8894445436686,1118.3306132075472,137.77994031551668,2039.9999980667326,2399.999997725568,2400.0,0.0,0.2203,449.4119995741012,Optimal
9,5,197,4385.35343197187,4385.3534,0.0,0.0,4744.79,23288.304,28033.094,783.2386854795499,1119.0542452830189,137.7070686394374,2039.999999402006,2399.9999992964777,2400.0,0.0,0.2203,449.41199986826194,Optimal
9,6,198,4473.008613115792,4473.0086,0.0,0.0,4670.9775,28033.094,32704.072,798.8941953920342,1101.6456367924527,139.46017226231584,2040.0000044468027,2400.0000052315327,2400.0,0.0,0.2203,449.41200097963065,Optimal
9,7,199,4835.438359744528,4835.4384,0.0,0.0,4365.7833,32704.072,37069.855,863.6253616717271,1029.6658726415094,146.70876719489056,2040.000001508127,2400.0000017742673,2400.0,0.0,0.2203,449.4120003322404,Optimal
9,8,200,5512.514989588156,0.0,0.0,5512.515,0.0,37069.855,31557.34,0.0,0.0,160.25029979176313,160.25029979176313,188.5297644608978,2400.0,0.0,0.9564,153.26338672084225,Optimal
9,9,201,6482.14508021356,81.20508,0.0,6400.94,0.0,31557.34,25156.4,14.503497053045185,0.0,179.6429016042712,194.14639865731638,228.40752783213694,2400.0,0.0,1.1477,222.821821739002,Optimal
9,10,202,7236.78894724494,835.84895,0.0,6400.94,0.0,25156.4,18755.46,149.2853991784247,0.0,194.73577894489878,344.02117812332347,404.73079779214527,2400.0,0.0,1.1477,394.8331061321383,Optimal
9,11,203,7337.776997295311,7032.0,305.777,0.0,2249.64,18755.46,21005.1,1312.6689871733654,530.5754716981131,196.75553994590624,2039.9999988173847,2399.9999986086877,2400.0,0.0,0.2203,449.4119997394698,Optimal
9,12,204,7409.269584706776,7032.0,377.26958,0.0,2187.3384,21005.1,23192.438,1325.9329166724378,515.8816981132076,198.18539169413552,2040.000006479781,2400.000007623272,2400.0,0.0,0.2203,449.41200142749574,Optimal
9,13,205,7575.981019038583,7032.0,543.98102,0.0,2042.059,23192.438,25234.497,1356.862682906204,481.61768867924525,201.51962038077167,2039.999991966221,2399.999990548495,2400.0,0.0,0.5796,1182.3839953436216,Optimal
9,14,206,7613.273472435574,7032.0,581.27347,0.0,2009.5608,25234.497,27244.058,1363.7815047985973,473.95301886792447,202.26546944871149,2039.9999931152333,2399.9999919002744,2400.0,0.0,0.5796,1182.3839960095893,Optimal
9,15,207,7722.375572030068,1321.4356,0.0,6400.94,0.0,27244.058,20843.118,236.01278799785675,0.0,204.44751144060135,440.4602994384581,518.1885875746566,2400.0,0.0,1.1477,505.51628566551835,Optimal
9,16,208,7496.814638563958,1095.8746,0.0,6400.94,0.0,20843.118,14442.178,195.7268440792999,0.0,199.93629277127917,395.66313685057906,465.48604335362245,2400.0,0.0,1.1477,454.1025821634096,Optimal
9,17,209,7179.182022122708,778.24202,0.0,6400.94,0.0,14442.178,8041.2383,138.99661010894803,0.0,193.58364044245417,332.5802505514022,391.2708830016496,2400.0,0.0,0.9564,318.079751627361,Optimal
9,18,210,6852.004106338775,451.06411,0.0,6400.94,0.0,8041.2383,1640.2983,80.56154849080193,0.0,187.0400821267755,267.6016306175774,314.8254477853852,2400.0,0.0,0.9564,255.93419952265106,Optimal
9,19,211,6293.898030320023,4653.5997,0.0,1640.2983,0.0,1640.2983,0.0,831.1483657796034,0.0,175.87796060640045,1007.0263263860038,1184.7368545717693,2400.0,0.0,0.9564,963.1199785555741,Optimal
9,20,212,5939.3761525837335,5939.3762,0.0,0.0,0.0,0.0,0.0,1060.792320057153,0.0,168.78752305167467,1229.5798431088276,1446.5645213045032,2400.0,0.0,0.9564,1175.9701619492828,Optimal
9,21,213,5703.34716906295,5703.3472,0.0,0.0,0.0,0.0,0.0,1018.6367565636721,0.0,164.06694338125902,1182.703699944931,1391.416117582272,2400.0,0.0,0.9564,1131.137818627332,Optimal
9,22,214,5569.055496711574,5569.0555,0.0,0.0,0.0,0.0,0.0,994.6518128237185,0.0,161.3811099342315,1156.03292275795,1360.0387326564119,2400.0,0.0,0.9564,1105.6298873257035,Optimal
9,23,215,5339.343227548548,5339.3432,0.0,0.0,0.0,0.0,0.0,953.6244329344526,0.0,156.78686455097096,1110.4112974854236,1306.3662323357926,2400.0,0.0,0.5796,643.5943880225515,Optimal
10,0,216,5190.827000461919,5190.827,0.0,0.0,4066.5183,0.0,4066.5183,927.0989462404001,959.0845047169811,153.8165400092384,2039.9999909666196,2399.999989372494,2400.0,0.0,0.2203,449.4119980099463,Optimal
10,1,217,5095.062085209966,5095.0621,0.0,0.0,4147.1599,4066.5183,8213.6782,909.9950169673156,978.1037499999999,151.90124170419932,2040.0000086715147,2400.000010201782,2400.0,0.0,0.2203,449.4120019103347,Optimal
10,2,218,4982.773509649245,4982.7735,0.0,0.0,4241.7156,8213.6782,12455.394,889.9398999821397,1000.4046226415095,149.65547019298492,2039.999992816634,2399.999991548981,2400.0,0.0,0.2203,449.41199841750444,Optimal
10,3,219,4851.225530176046,4851.2255,0.0,0.0,4352.4893,12455.394,16807.883,866.4449901768172,1026.5304952830188,147.02451060352092,2039.9999960633568,2399.999995368655,2400.0,0.0,0.2203,449.4119991327575,Optimal
10,4,220,4705.226622197472,4705.2266,0.0,0.0,4475.4318,16807.883,21283.315,840.3691016252902,1055.5263679245284,144.10453244394944,2040.0000019937681,2400.0000023456096,2400.0,0.0,0.2203,449.4120004392271,Optimal
10,5,221,4625.376821488452,4625.3768,0.0,0.0,4542.6715,21283.315,25825.986,826.1076620825147,1071.3847877358492,142.50753642976906,2039.999986248133,2399.999983821333,2400.0,0.0,0.2203,449.4119969704637,Optimal
10,6,222,4621.478785802355,4621.4788,0.0,0.0,4545.954,25825.986,30371.94,825.4114663332738,1072.158962264151,142.4295757160471,2040.000004313472,2400.000005074673,2400.0,0.0,0.2203,449.41200095025783,Optimal
10,7,223,4801.760984838055,4801.761,0.0,0.0,4394.1423,30371.94,34766.083,857.6104661546706,1036.354316037736,146.0352196967611,2040.0000018891676,2400.0000022225504,2400.0,0.0,0.2203,449.4120004161836,Optimal
10,8,224,5472.47752549939,0.0,0.0,5472.4775,0.0,34766.083,29293.605,0.0,0.0,159.4495505099878,159.4495505099878,187.5877064823386,2400.0,0.0,0.9564,152.49755010775235,Optimal
10,9,225,6318.936938748461,0.0,0.0,6318.9369,0.0,29293.605,22974.668,0.0,0.0,176.37873877496924,176.37873877496924,207.50439855878733,2400.0,0.0,1.1477,202.42987849203217,Optimal
10,10,226,6920.04850410211,519.1085,0.0,6400.94,0.0,22974.668,16573.728,92.71450258974818,0.0,188.40097008204222,281.11547267179037,330.72408549622395,2400.0,0.0,1.1477,322.63622798541377,Optimal
10,11,227,7241.236486102474,7032.0,209.23649,0.0,2333.7695,16573.728,18907.498,1294.757946357039,550.4173349056604,194.82472972204948,2040.0000109847488,2400.000012923234,2400.0,0.0,0.2203,449.41200241994017,Optimal
10,12,228,7361.160847343238,7032.0,329.16085,0.0,2229.2623,18907.498,21136.76,1317.007363796742,525.7694103773584,197.22321694686477,2039.9999911209652,2399.999989554077,2400.0,0.0,0.2203,449.41199804394864,Optimal
10,13,229,7538.011501443548,7032.0,506.0115,0.0,2075.1473,21136.76,23211.907,1349.8182450583377,489.42153301886793,200.76023002887095,2040.0000081060764,2400.0000095365604,2400.0,0.0,0.5796,1182.3840046982818,Optimal
10,14,230,7595.572055322785,7032.0,563.57206,0.0,2024.9866,23211.907,25236.894,1360.4973842049053,477.591179245283,201.9114411064557,2040.000004556644,2400.0000053607578,2400.0,0.0,0.5796,1182.3840026410307,Optimal
10,15,231,7581.031200613536,1180.0912,0.0,6400.94,0.0,25236.894,18835.954,210.76820860868014,0.0,201.62062401227072,412.3888326209509,485.1633324952364,2400.0,0.0,1.1477,473.2986631990653,Optimal
10,16,232,7502.288782957304,1101.3488,0.0,6400.94,0.0,18835.954,12435.014,196.70455438471154,0.0,200.04577565914607,396.7503300438576,466.76509416924426,2400.0,0.0,1.1477,455.35035379133535,Optimal
10,17,233,6965.996406733849,565.05641,0.0,6400.94,0.0,12435.014,6034.0739,100.92095195570637,0.0,189.31992813467699,290.24088009038337,341.4598589298628,2400.0,0.0,0.9564,277.5863777184427,Optimal
10,18,234,6105.05238408089,70.978461,0.0,6034.0739,0.0,6034.0739,0.0,12.676988926594033,0.0,172.10104768161779,184.7780366082118,217.38592542142567,2400.0,0.0,0.9564,176.7217142120938,Optimal
10,19,235,5472.040163662741,5472.0402,0.0,0.0,0.0,0.0,0.0,977.324557956778,0.0,159.44080327325483,1136.7653612300328,1337.3710132118033,2400.0,0.0,0.9564,1087.2023914804033,Optimal
10,20,236,5111.21584211195,5111.2158,0.0,0.0,0.0,0.0,0.0,912.8801214502589,0.0,152.224316842239,1065.104438292498,1253.0640450499975,2400.0,0.0,0.9564,1018.665884782945,Optimal
10,21,237,4916.222612669009,4916.2226,0.0,0.0,0.0,0.0,0.0,878.0536881585997,0.0,148.32445225338017,1026.37814041198,1207.5036946023295,2400.0,0.0,0.9564,981.6280534900177,Optimal
10,22,238,4796.393212935258,4796.3932,0.0,0.0,0.0,0.0,0.0,856.6517592427219,0.0,145.92786425870514,1002.579623501427,1179.5054394134436,2400.0,0.0,0.9564,958.8671519167648,Optimal
10,23,239,4747.349150426438,4747.3492,0.0,0.0,0.0,0.0,0.0,847.8923379174852,0.0,144.94698300852878,992.8393209260139,1168.0462599129576,2400.0,0.0,0.5796,575.4496704087177,Optimal
