time_sec,total_load,user3_load,user4_load,user6_load
0,1402.541679315714,63.75189451435064,573.7670506291557,765.0227341722076
3600,1194.894688822569,54.31339494648041,488.82055451832366,651.7607393577648
7200,1099.806982520292,49.99122647819509,449.92103830375584,599.894717738341
10800,1010.5745062017895,45.93520482735407,413.41684344618665,551.2224579282488
14400,960.024483472826,43.63747652149209,392.7372886934288,523.6497182579051
18000,875.8670651875652,39.81213932670751,358.3092539403676,477.7456719204901
21600,1261.796054022074,57.35436609191246,516.1892948272122,688.2523931029494
25200,1506.5002911648555,68.47728596203889,616.29557365835,821.7274315444666
28800,2086.7131178537943,94.85059626608157,853.6553663947341,1138.2071551929787
32400,3050.6076801537224,138.66398546153283,1247.9758691537957,1663.967825538394
36000,2022.5547085928852,91.93430493604023,827.4087444243621,1103.2116592324828
39600,3785.965284714812,172.08933112340054,1548.803980110605,2065.0719734808063
43200,3160.4001096937495,143.65455044062497,1292.890953965625,1723.8546052874997
46800,3542.1050899670972,161.00477681668625,1449.0429913501762,1932.0573218002346
50400,3625.080890208852,164.77640410040237,1482.9876369036213,1977.3168492048283
54000,3700.7044751689273,168.21383978040578,1513.9245580236523,2018.5660773648692
57600,3086.6583817101014,140.30265371409553,1262.7238834268596,1683.631844569146
61200,3454.3693040542144,157.01678654791883,1413.1510789312697,1884.2014385750258
64800,2705.9017705879596,122.99553502672543,1106.959815240529,1475.946420320705
68400,2143.1072119523037,97.41396417965016,876.7256776168516,1168.967570155802
72000,2026.0726711174257,92.09421232351936,828.8479109116741,1105.1305478822321
75600,1253.257197590215,56.96623625410068,512.6961262869062,683.5948350492081
79200,1848.0043251039333,84.00019659563334,756.0017693607,1008.0023591475999
82800,1286.9093894590167,58.495881339046214,526.4629320514159,701.9505760685545
86400,1426.0001044187995,64.81818656449089,583.363679080418,777.8182387738906
90000,1158.6057039046536,52.663895632029714,473.97506068826743,631.9667475843564
93600,987.9090263999445,44.90495574545203,404.14460170906824,538.8594689454243
97200,993.8413226313314,45.17460557415143,406.57145016736285,542.0952668898171
100800,1050.0049599536646,47.72749817971203,429.54748361740826,572.7299781565443
104400,855.2600658392352,38.87545753814705,349.8791178433235,466.5054904577646
108000,1413.9012111724678,64.2682368714758,578.4141318432823,771.2188424577097
111600,1311.2029424839704,59.600133749271386,536.4012037434425,715.2016049912565
115200,1867.4256551424883,84.88298432465857,763.9468589219271,1018.5958118959027
118800,3191.6629079039913,145.0755867229087,1305.6802805061784,1740.9070406749042
122400,2445.378427917889,111.15356490535859,1000.3820841482274,1333.842778864303
126000,3674.17537411472,167.00797155066908,1503.071743956022,2004.095658608029
129600,2847.5696610310583,129.43498459232083,1164.9148613308876,1553.2198151078499
133200,3455.9138072467226,157.0869912384874,1413.7829211463866,1885.0438948618485
136800,4014.0894216320453,182.4586100741839,1642.127490667655,2189.5033208902064
140400,3903.5800565881955,177.43545711764526,1596.9191140588073,2129.2254854117427
144000,2969.5948573524824,134.98158442511283,1214.8342598260156,1619.779013101354
147600,3434.034270394195,156.0924668360998,1404.832201524898,1873.1096020331972
151200,2487.783193332822,113.08105424240101,1017.7294881816091,1356.9726509088118
154800,2419.578197209035,109.98082714586522,989.8274443127871,1319.7699257503825
158400,1886.1329281472035,85.73331491578197,771.5998342420379,1028.7997789893836
162000,1394.5418196279725,63.388264528544205,570.4943807568978,760.6591743425304
165600,1855.5497656945117,84.34317116793235,759.0885405113912,1012.1180540151881
169200,1327.5569882004722,60.34349946365783,543.0914951729205,724.1219935638939
172800,1452.0798552548831,66.00362978431286,594.0326680588158,792.0435574117544
176400,1027.004424031395,46.68201927415432,420.1381734673889,560.1842312898518
180000,1149.7504454331324,52.2613838833242,470.35245494991784,627.1366065998903
183600,1045.5524261214664,47.52511027824848,427.7259925042363,570.3013233389817
187200,1121.5702867611203,50.98046758005093,458.82420822045833,611.7656109606111
190800,1014.8533418530476,46.12969735695671,415.16727621261043,553.5563682834804
194400,1411.2312595343578,64.1468754333799,577.3218789004192,769.7625052005587
198000,1522.13697274039,69.18804421547227,622.6923979392506,830.2565305856673
201600,1877.0146278143786,85.31884671883539,767.8696204695186,1023.8261606260246
205200,2750.6531777305645,125.02968989684385,1125.2672090715946,1500.356278762126
208800,2033.5801413314641,92.43546096961201,831.9191487265081,1109.225531635344
212400,3339.823436455809,151.81015620253677,1366.291405822831,1821.721874430441
216000,2897.391923989424,131.69963290861017,1185.2966961774916,1580.395594903322
219600,3586.4608413173573,163.02094733260716,1467.1885259934645,1956.2513679912856
223200,4125.977508486229,187.5444322039195,1687.8998898352759,2250.533186447034
226800,3837.6802031667803,174.44000923485365,1569.960083113683,2093.2801108182434
230400,3071.683489391007,139.6219767905003,1256.5977911145028,1675.4637214860036
234000,3466.7022762888014,157.57737619494551,1418.1963857545097,1890.928514339346
237600,2546.2337941839537,115.73789973563426,1041.6410976207085,1388.854796827611
241200,2371.6621050973204,107.80282295896912,970.225406630722,1293.6338755076292
244800,1813.1139985211898,82.41427266005408,741.7284539404868,988.971271920649
248400,1482.1617944100249,67.37099065500114,606.3389158950102,808.4518878600135
252000,2033.1462948734088,92.41574067606403,831.7416660845764,1108.9888881127683
255600,1242.575361981712,56.480698271895996,508.326284447064,677.7683792627519
259200,1296.36486771574,58.925675805260916,530.3310822473483,707.1081096631309
262800,1165.244823423012,52.96567379195509,476.6910641275958,635.588085503461
266400,1094.52306853552,49.75104856979637,447.7594371281673,597.0125828375564
270000,1036.410136734396,47.10955166974527,423.9859650277075,565.3146200369432
273600,1086.8832327831751,49.40378330832614,444.6340497749353,592.8453996999136
277200,860.4509837056102,39.11140835025501,352.00267515229507,469.33690020306005
280800,1344.949633769997,61.13407426227259,550.2066683604534,733.608891147271
284400,1295.8590797710851,58.90268544414023,530.1241689972621,706.8322253296827
288000,2193.884718422929,99.72203265558768,897.4982939002891,1196.664391867052
291600,3000.951384596735,136.4068811180334,1227.6619300623008,1636.8825734164006
295200,2161.392085299324,98.24509478633293,884.2058530769963,1178.941137435995
298800,3158.6395308003694,143.57452412728952,1292.1707171456057,1722.894289527474
302400,2851.3441365405083,129.6065516609322,1166.4589649483898,1555.2786199311863
306000,3626.9262469345567,164.86028395157078,1483.7425555641369,1978.323407418849
309600,4049.221308613023,184.0555140278647,1656.4996262507823,2208.666168334376
313200,4059.564337370634,184.52565169866517,1660.7308652879867,2214.307820383982
316800,3461.208766126894,157.32767118758608,1415.9490406882749,1887.932054251033
320400,3418.2485946010856,155.37493611823118,1398.3744250640805,1864.4992334187739
324000,2534.531143845557,115.20596108388895,1036.8536497550006,1382.4715330066674
327600,2331.873966835271,105.99427121978505,953.9484409780655,1271.9312546374204
331200,2085.1016324492102,94.77734692950956,852.9961223655861,1137.3281631541147
334800,1367.1926868250532,62.145122128411515,559.3060991557036,745.7414655409381
338400,2032.6536155402373,92.39334616091988,831.5401154482789,1108.7201539310383
342000,1320.6092454585632,60.02769297538924,540.2492367785031,720.3323157046708
345600,1445.1808715324225,65.69003961511012,591.2103565359911,788.2804753813214
349200,1080.2056869625246,49.100258498296576,441.9023264846692,589.2031019795588
352800,951.2793037946227,43.239968354301034,389.1597151887093,518.8796202516123
356400,913.3025123957809,41.51375056344459,373.6237550710013,498.165006761335
360000,934.3353837967478,42.469790172579444,382.22811155321506,509.6374820709533
363600,966.2409809252974,43.92004458751352,395.2804012876217,527.0405350501622
367200,1332.7389088174355,60.57904130988343,545.2113717889509,726.9484957186011
370800,1406.106135837579,63.9139152653445,575.2252373881005,766.9669831841339
374400,2212.0732174889467,100.54878261313395,904.9390435182055,1206.5853913576073
378000,2781.878926055037,126.44904209341078,1138.041378840697,1517.3885051209293
381600,2196.9544235953713,99.86156470888052,898.7540823799246,1198.338776506566
385200,3637.5981872357397,165.34537214707908,1488.1083493237118,1984.1444657649488
388800,2802.635723934582,127.39253290611737,1146.5327961550563,1528.7103948734084
392400,3440.36018090137,156.38000822278954,1407.420074005106,1876.5600986734744
396000,3708.6470729736957,168.5748669533498,1517.1738025801483,2022.8984034401974
399600,3683.175869434646,167.4170849743021,1506.7537647687188,2009.005019691625
403200,3488.50472586297,158.56839663013503,1427.115569671215,1902.82075956162
406800,3649.17351733915,165.8715235154159,1492.8437116387431,1990.4582821849906
410400,2816.431704201931,128.0196229182696,1152.1766062644265,1536.235475019235
414000,2402.6435790697856,109.21107177589934,982.8996459830942,1310.532861310792
417600,2102.0998203348104,95.54999183340047,859.9499265006043,1146.5999020008055
421200,1265.9737968667673,57.54426349394397,517.8983714454957,690.5311619273276
424800,2079.5433117056873,94.52469598662215,850.7222638795994,1134.2963518394656
428400,1332.654055874594,60.57518435793609,545.1766592214249,726.902212295233
432000,1527.0991409650455,69.41359731659298,624.7223758493368,832.9631677991157
435600,1182.9203425866283,53.76910648121038,483.9219583308934,645.2292777745245
439200,1012.7828744668856,46.035585203040256,414.32026682736233,552.427022436483
442800,913.7307316490836,41.53321507495835,373.7989356746251,498.39858089950013
446400,974.852951164523,44.31149778020559,398.80348002185036,531.7379733624671
450000,926.8678087652169,42.13035494387349,379.1731944948615,505.5642593264819
453600,1472.1647555912605,66.91657979960274,602.2492181964247,802.9989575952329
457200,1504.9715039433859,68.40779563379027,615.6701607041124,820.8935476054831
460800,1843.6589080363942,83.80267763801793,754.2240987421613,1005.6321316562149
464400,2935.025189495599,133.4102358861636,1200.6921229754723,1600.922830633963
468000,2200.0988569187957,100.0044934963089,900.0404414667801,1200.0539219557068
471600,3268.378588370453,148.56266310774788,1337.0639679697308,1782.7519572929743
475200,2738.0740867191234,124.45791303268743,1120.1212172941869,1493.4949563922492
478800,3636.2708454282792,165.28503842855815,1487.5653458570234,1983.4204611426976
482400,4214.379668823017,191.56271221922805,1724.0644099730525,2298.752546630736
486000,3811.169553606568,173.23497970938948,1559.1148173845052,2078.8197565126734
489600,3224.5027114014083,146.5683050637004,1319.1147455733035,1758.8196607644045
493200,3576.919443671668,162.58724743962128,1463.2852269565915,1951.046969275455
496800,2668.4206540861946,121.29184791300885,1091.6266312170796,1455.502174956106
500400,2447.51718203692,111.25078100167819,1001.2570290151037,1335.009372020138
504000,2165.0300604557165,98.41045729344167,885.6941156409749,1180.9254875212998
507600,1283.589448006714,58.34497490939609,525.1047741845649,700.139698912753
511200,1927.0989358242925,87.59540617383148,788.3586555644833,1051.1448740859776
514800,1269.592269031045,57.70873950141113,519.3786555127002,692.5048740169335
518400,1376.7325857662402,62.578753898465465,563.2087850861892,750.9450467815855
522000,994.567282825166,45.20760376478027,406.8684338830225,542.4912451773632
525600,1074.0712995172462,48.821422705329375,439.3928043479644,585.8570724639525
529200,991.5509931200534,45.07049968727515,405.6344971854764,540.8459962473017
532800,938.4694037202354,42.65770016910161,383.9193015219145,511.8924020292193
536400,898.9398582663345,40.86090264846975,367.74812383622776,490.33083178163696
540000,1497.1486121486053,68.05220964311842,612.4698867880659,816.626515717421
543600,1330.584605185846,60.481118417538454,544.3300657578461,725.7734210104613
547200,1900.0871453263564,86.36759751483439,777.3083776335095,1036.4111701780125
550800,2922.5519965215417,132.843272569161,1195.589453122449,1594.1192708299318
554400,2454.3348696736243,111.56067589425565,1004.0460830483009,1338.7281107310678
558000,3282.185103845056,149.19023199295708,1342.712087936614,1790.282783915485
561600,3065.3902634232313,139.33592106469234,1254.023289582231,1672.031052776308
565200,3954.9805697756756,179.77184408071253,1617.9465967264127,2157.2621289685503
568800,3668.2958986627877,166.74072266649037,1500.6665039984132,2000.888671997884
572400,4131.200625048028,187.78184659309218,1690.0366193378297,2253.382159117106
576000,3127.482513808262,142.15829608219374,1279.4246647397435,1705.8995529863246
579600,3528.306289358168,160.37755860718946,1443.3980274647054,1924.5307032862734
583200,2816.500808749543,128.02276403407015,1152.2048763066314,1536.2731684088415
586800,2252.491944637271,102.38599748351233,921.4739773516109,1228.6319698021478
590400,1819.3521697815245,82.69782589916021,744.2804330924419,992.3739107899223
594000,1441.21459252853,65.50975420584227,589.5877878525805,786.1170504701072
597600,1859.0470580151805,84.50213900069002,760.5192510062102,1014.0256680082801
601200,1239.3498200752415,56.3340827306928,507.0067445762352,676.0089927683135
604800,1306.5081499292694,59.386734087694066,534.4806067892466,712.6408090523287
608400,1116.01536921984,50.72797132817455,456.55174195357097,608.7356559380945
612000,1088.3654493741426,49.471156789733755,445.2404111076038,593.653881476805
615600,895.2057740448167,40.69117154749167,366.22054392742507,488.2940585699
619200,1033.443467690729,46.97470307685132,422.77232769166187,563.6964369222158
622800,889.1294792471354,40.414976329415246,363.7347869647372,484.9797159529829
626400,1424.3176028778867,64.74170922172212,582.6753829954991,776.9005106606654
630000,1312.2816312788614,59.649165058130066,536.8424855231706,715.7899806975607
633600,2123.4569005255757,96.520768205708,868.686913851372,1158.2492184684959
637200,2862.385682154155,130.10844009791614,1170.9759608812453,1561.3012811749934
640800,2432.4473642607027,110.56578928457739,995.0921035611966,1326.7894714149286
644400,3209.8322963649844,145.9014680165902,1313.113212149312,1750.8176161990823
648000,2869.174158542361,130.41700720647097,1173.7530648582388,1565.0040864776513
651600,3467.791187816829,157.62687217349222,1418.64184956143,1891.5224660819065
655200,4200.275172309673,190.92159874134876,1718.294388672139,2291.059184896185
658800,4249.033746218463,193.1378975553847,1738.2410779984625,2317.654770664616
662400,3056.9108846241993,138.95049475564542,1250.5544528008088,1667.4059370677448
666000,3547.3342321271175,161.24246509668717,1451.1821858701844,1934.9095811602458
669600,2917.2833256959966,132.60378753163621,1193.434087784726,1591.2454503796343
673200,2261.1812126268164,102.78096421030985,925.0286778927886,1233.371570523718
676800,1993.4919474302465,90.61327033773848,815.5194330396463,1087.3592440528616
680400,1280.9070756363574,58.2230488925617,524.0074400330553,698.6765867107404
684000,1771.2474065545248,80.5112457524784,724.6012117723056,966.1349490297407
687600,1427.2937071907575,64.87698669048898,583.8928802144009,778.5238402858677
691200,1553.851486751491,70.62961303415868,635.6665173074282,847.5553564099041
694800,1125.2682352605311,51.14855614820596,460.33700533385365,613.7826737784715
698400,1017.2027743167653,46.23648974167115,416.12840767504036,554.8378769000537
702000,961.1327345265279,43.68785156938763,393.1906641244887,524.2542188326515
705600,1077.5398014262548,48.97908188301158,440.8117369471043,587.748982596139
709200,1015.2827936612391,46.149217893692686,415.3429610432342,553.7906147243121
712800,1491.2855864836156,67.78570847652799,610.0713762887518,813.4285017183357
716400,1482.2722607440694,67.37601185200316,606.3841066680284,808.5121422240378
720000,2103.4508854923347,95.61140388601521,860.502634974137,1147.3368466321824
723600,2685.14164793599,122.05189308799955,1098.467037791996,1464.6227170559944
727200,2085.6593029730716,94.80269558968507,853.2242603071657,1137.6323470762209
730800,3736.5768902638865,169.84440410290395,1528.5996369261354,2038.132849234847
734400,3026.4477365046882,137.56580620475856,1238.0922558428272,1650.7896744571026
738000,3389.4101110004653,154.06409595456662,1386.5768635910995,1848.7691514547992
741600,3562.864197982655,161.94837263557523,1457.535353720177,1943.3804716269024
745200,4080.0648469031894,185.45749304105408,1669.1174373694867,2225.4899164926487
748800,2894.4389967590214,131.56540894359188,1184.088680492327,1578.7849073231025
752400,3204.1657111079876,145.643895959454,1310.7950636350859,1747.7267515134477
756000,2769.9776960683985,125.90807709401811,1133.1726938461632,1510.8969251282172
759600,2322.324338137546,105.56019718807028,950.0417746926325,1266.722366256843
763200,2041.969541281337,92.81679733096986,835.3511759787287,1113.8015679716382
766800,1276.1574200259622,58.00715545572556,522.0643991015301,696.0858654687066
770400,2009.9830974866932,91.36286806757697,822.2658126081927,1096.3544168109236
774000,1252.765521188529,56.943887326751316,512.4949859407619,683.3266479210157
777600,1388.40260435197,63.109209288725914,567.9828835985332,757.3105114647109
781200,1150.125352847163,52.2784251294165,470.5058261647485,627.3411015529979
784800,1082.494032442917,49.204274201950774,442.83846781755693,590.4512904234092
788400,1060.237476853588,48.19261258425401,433.73351325828605,578.311351011048
792000,1063.448202263408,48.338554648336725,435.04699183503055,580.0626557800406
795600,953.4299412250557,43.337724601138895,390.0395214102501,520.0526952136667
799200,1271.6486112787798,57.8022096035809,520.2198864322281,693.6265152429708
802800,1366.5625345509054,62.11647884322298,559.0483095890067,745.3977461186756
806400,1949.3013325475633,88.60460602488925,797.4414542240032,1063.255272298671
810000,2778.772957650725,126.3078617113966,1136.7707554025694,1515.694340536759
813600,2448.6796523017924,111.30362055917239,1001.7325850325515,1335.6434467100685
817200,3386.72823154175,153.94219234280683,1385.4797310852614,1847.3063081136818
820800,3195.7258000430406,145.26026363832003,1307.3423727448803,1743.1231636598402
824400,3856.902446448859,175.31374756585723,1577.823728092715,2103.7649707902865
828000,4099.708854596656,186.3504024816662,1677.1536223349958,2236.2048297799943
831600,3952.953762407302,179.6797164730592,1617.1174482575327,2156.15659767671
835200,3261.839669218051,148.2654395099114,1334.3889555892026,1779.1852741189366
838800,3432.2061389696546,156.00936995316613,1404.084329578495,1872.1124394379933
842400,2576.0356747694213,117.09253067133734,1053.8327760420361,1405.110368056048
846000,2335.9923862522405,106.18147210237457,955.6332489213712,1274.1776652284948
849600,1894.8495643087083,86.12952565039583,775.1657308535625,1033.55430780475
853200,1222.144423380196,55.552019244554366,499.9681732009893,666.6242309346524
856800,1984.2587724152734,90.19358056433062,811.7422250789755,1082.3229667719672
860400,1236.8619191691942,56.22099632587246,505.9889669328522,674.6519559104695
864000,1565.3722675586957,71.15328488903162,640.3795640012846,853.8394186683794
867600,1195.5993147933532,54.34542339969787,489.10881059728086,652.1450807963744
871200,1138.24781373946,51.73853698815728,465.64683289341554,620.8624438578872
874800,965.2849350254302,43.876587955701375,394.8892916013124,526.5190554684165
878400,931.0419997620872,42.320090898276696,380.8808180844903,507.84109077932027
882000,1021.1535747197528,46.41607157817058,417.74464420353524,556.9928589380469
885600,1364.249505042089,62.01134113827677,558.102070244491,744.1360936593212
889200,1534.70867389832,69.75948517719637,627.8353665947674,837.1138221263564
892800,2235.0030240279007,101.59104654672277,914.3194189205049,1219.092558560673
896400,3135.5038765021845,142.52290347737204,1282.7061312963483,1710.2748417284643
900000,2145.0843788008538,97.50383540003881,877.5345186003493,1170.0460248004656
903600,3381.191082265451,153.69050373933868,1383.2145336540482,1844.286044872064
907200,3171.479575654582,144.15816252975372,1297.4234627677836,1729.8979503570445
910800,3620.7164959277984,164.57802254217265,1481.202202879554,1974.9362705060717
914400,3615.5321998460813,164.34237272027642,1479.081354482488,1972.1084726433169
918000,3995.7528807617646,181.62513094371658,1634.6261784934493,2179.501571324599
921600,3492.653336231464,158.75696982870292,1428.8127284583263,1905.0836379444347
925200,3572.114604320144,162.36884565091563,1461.3196108582408,1948.4261478109875
928800,2781.6789208471896,126.43995094759953,1137.9595585283957,1517.2794113711943
932400,2056.307851310677,93.46853869593987,841.2168482634588,1121.6224643512783
936000,2027.3228842877625,92.1510401948983,829.3593617540847,1105.8124823387795
939600,1483.0172664209647,67.4098757464075,606.6888817176674,808.9185089568898
943200,1789.3648789636914,81.33476722562234,732.012905030601,976.017206707468
946800,1327.0972765675901,60.32260348034501,542.9034313231051,723.87124176414
950400,1547.2207992396868,70.3282181472585,632.9539633253264,843.9386177671018
954000,1148.870814846841,52.22140067485641,469.99260607370775,626.6568080982769
957600,1092.4542848831331,49.65701294923333,446.91311654309993,595.8841553907998
961200,1031.1531553825812,46.87059797193551,421.8353817474196,562.4471756632261
964800,1001.9784804700014,45.54447638500007,409.9002874650006,546.5337166200007
968400,901.7513233756596,40.98869651707544,368.89826865367894,491.8643582049052
972000,1469.7692112264951,66.80769141938615,601.2692227744753,801.6922970326336
975600,1490.7612344222334,67.7618742919197,609.8568686272773,813.1424915030364
979200,2195.508273361563,99.79583060734379,898.1624754660941,1197.5499672881253
982800,3170.784000697743,144.12654548626105,1297.1389093763496,1729.5185458351325
986400,2242.1247026743727,101.91475921247148,917.2328329122435,1222.9771105496577
990000,3461.769494269977,157.3531588304535,1416.1784294740814,1888.2379059654418
993600,3140.1617968989544,142.73462713177065,1284.611644185936,1712.8155255812478
997200,3871.052787992,175.95694490872728,1583.6125041785456,2111.483338904727
1000800,4027.8205294581126,183.0827513390051,1647.744762051046,2196.993016068061
1004400,4184.597676779002,190.20898530813645,1711.8808677732281,2282.507823697637
1008000,3463.0029720430007,157.40922600195458,1416.6830340175914,1888.9107120234548
1011600,3325.9765304807256,151.18075138548753,1360.6267624693878,1814.1690166258502
1015200,2674.9788358,121.5899470818182,1094.3095237363636,1459.0793649818181
1018800,2054.878933726941,93.40358789667913,840.6322910701123,1120.8430547601495
1022400,2012.7661773235516,91.48937169652507,823.4043452687257,1097.8724603583007
1026000,1225.2850145361665,55.69477338800757,501.25296049206815,668.3372806560908
1029600,1914.8934949284571,87.04061340583897,783.3655206525507,1044.4873608700675
1033200,1333.5273736484187,60.61488062038267,545.533925583444,727.3785674445919
1036800,1377.2219413923672,62.60099733601669,563.4089760241502,751.2119680322003
1040400,1116.0022857154174,50.727376623428064,456.5463896108526,608.7285194811367
1044000,952.3473965391877,43.288518024508534,389.59666222057683,519.4622162941023
1047600,899.3205604028493,40.878207291038606,367.90386561934747,490.5384874924632
1051200,1097.467009602415,49.88486407283704,448.9637766555334,598.6183688740444
1054800,914.2796226997212,41.55816466816915,374.02348201352237,498.69797601802975
1058400,1280.8906534753708,58.222302430698676,524.000721876288,698.667629168384
1062000,1409.944572827786,64.08838967399028,576.7955070659125,769.0606760878833
1065600,2155.7962627660486,97.99073921663857,881.9166529497472,1175.8888705996628
1069200,2762.273303572166,125.55787743509845,1130.0208969158862,1506.6945292211813
1072800,2292.032427786179,104.18329217209906,937.6496295488915,1250.1995060651886
1076400,3173.7207358106466,144.2600334459385,1298.3403010134464,1731.1204013512618
1080000,2697.663412411883,122.62106420054015,1103.5895778048614,1471.4527704064817
1083600,3781.8982104923034,171.90446411328654,1547.1401770195787,2062.853569359438
1087200,3902.903287041246,177.4046948655112,1596.6422537896008,2128.856338386134
1090800,4059.4635349864443,184.5210697721111,1660.689627949,2214.2528372653333
1094400,3357.690516638138,152.62229621082446,1373.6006658974202,1831.4675545298933
1098000,3764.484029068109,171.11291041218678,1540.0161937096811,2053.354924946241
1101600,2752.183153494754,125.09923424976155,1125.8931082478541,1501.1908109971384
1105200,2157.298784433673,98.05903565607605,882.5313209046844,1176.7084278729126
1108800,2098.736457924186,95.39711172382665,858.5740055144398,1144.7653406859197
1112400,1288.7353743689216,58.5788806531328,527.2099258781952,702.9465678375935
1116000,1904.625426909556,86.57388304134345,779.1649473720911,1038.8865964961212
1119600,1210.7727900459622,55.03512682027101,495.3161413824391,660.4215218432521
1123200,1302.0701187014429,59.185005395520136,532.6650485596812,710.2200647462415
1126800,1197.5108601688653,54.43231182585752,489.8908064327176,653.1877419102901
1130400,1121.6657091726297,50.98480496239226,458.86324466153036,611.8176595487071
1134000,1029.8628715445955,46.81194870657252,421.3075383591527,561.7433844788702
1137600,1012.1770076087784,46.00804580039902,414.07241220359117,552.0965496047882
1141200,879.1214343144474,39.960065196111245,359.6405867650012,479.5207823533349
1144800,1289.0228407744662,58.59194730793028,527.3275257713726,703.1033676951633
1148400,1333.5831912307285,60.61741778321493,545.5567600489344,727.4090133985792
1152000,2065.487151731333,93.88577962415151,844.9720166173636,1126.629355489818
1155600,3054.428703337871,138.8376683335396,1249.5390150018563,1666.052020002475
1159200,2308.7239083172803,104.94199583260365,944.477962493433,1259.3039499912438
1162800,3308.4025671677527,150.3819348712615,1353.4374138413534,1804.5832184551377
1166400,3232.956825351778,146.9525829705354,1322.5732467348184,1763.4309956464244
1170000,3937.1490237850417,178.96131926295644,1610.651873366608,2147.535831155477
1173600,3913.5256906109475,177.88753139140672,1600.9877825226604,2134.6503766968804
1177200,4039.148828934983,183.59767404249925,1652.3790663824932,2203.1720885099908
1180800,3160.774165708981,143.67155298677187,1293.0439768809467,1724.0586358412622
1184400,3263.922623352361,148.36011924328915,1335.2410731896023,1780.3214309194695
1188000,2664.219698196657,121.10089537257534,1089.908058353178,1453.2107444709038
1191600,2351.8240495184914,106.90109315993143,962.1098384393829,1282.813117919177
1195200,1789.2708304314265,81.33049229233757,731.9744306310381,975.9659075080507
1198800,1246.9304702348525,56.67865773794784,510.1079196415306,680.143892855374
1202400,1753.0840908481327,79.68564049309694,717.1707644378725,956.2276859171633
1206000,1200.7957317732516,54.58162417151144,491.23461754360295,654.9794900581372
1209600,1540.9159629163191,70.0416346780145,630.3747121021306,840.499616136174
1213200,1140.7354686175702,51.85161220988955,466.664509889006,622.2193465186746
1216800,1045.6111322647885,47.527778739308566,427.7500086537771,570.3333448717027
1220400,911.3091219776711,41.42314190807596,372.80827717268363,497.0777028969115
1224000,1029.2212772903397,46.78278533137908,421.0450679824117,561.3934239765489
1227600,935.589615632157,42.52680071055259,382.74120639497335,510.32160852663105
1231200,1293.66378083971,58.80289912907773,529.2260921616995,705.6347895489326
1234800,1385.1295120070688,62.96043236395767,566.6438912756191,755.525188367492
1238400,2003.8313316999336,91.08324234999698,819.7491811499729,1092.9989081999636
1242000,2996.588731533694,136.208578706077,1225.877208354693,1634.502944472924
1245600,2297.4922503346925,104.4314659243042,939.8831933187379,1253.1775910916504
1249200,3146.004898539662,143.00022266089374,1287.0020039480437,1716.0026719307245
1252800,2889.056156761129,131.32073439823313,1181.8866095840983,1575.8488127787975
1256400,3852.9346194052578,175.13339179114809,1576.2005261203328,2101.600701493777
1260000,3873.868367383459,176.08492579015723,1584.7643321114151,2113.0191094818865
1263600,4232.559003771142,192.389045625961,1731.501410633649,2308.668547511532
1267200,3314.38843660433,150.65401984565136,1355.8861786108623,1807.8482381478161
1270800,3205.6275305856707,145.71034229934867,1311.393080694138,1748.5241075921838
1274400,2507.633402123751,113.98333646017049,1025.8500281415345,1367.8000375220458
1278000,2300.1938583031283,104.55426628650584,940.9883965785525,1254.6511954380699
1281600,1794.0737049105508,81.5488047686614,733.9392429179526,978.5856572239367
1285200,1373.8103862182384,62.44592664628357,562.013339816552,749.3511197554027
1288800,2097.9268684611898,95.36031220278136,858.2428098250323,1144.323746433376
1292400,1342.2091463392762,61.00950665178529,549.0855598660676,732.1140798214234
1296000,1406.4633565275503,63.93015256943411,575.371373124907,767.1618308332093
1299600,1127.5013566704959,51.25006166684072,461.2505550015665,615.0007400020886
1303200,1042.2644236044407,47.37565561838367,426.38090056545303,568.5078674206039
1306800,1000.0614301095757,45.45733773225344,409.116039590281,545.4880527870413
1310400,1121.975628921632,50.99889222371055,458.99003001339497,611.9867066845266
1314000,919.1540838125305,41.779731082387755,376.0175797414898,501.356772988653
1317600,1511.799539021119,68.71816086459631,618.4634477813669,824.6179303751558
1321200,1517.4981392227453,68.97718814648843,620.7946933183958,827.726257757861
1324800,1920.9072795082575,87.31396725037534,785.8257052533781,1047.767607004504
1328400,2676.485104542425,121.65841384283749,1094.9257245855374,1459.9009661140499
1332000,2058.4340855962746,93.56518570892158,842.0866713802942,1122.7822285070588
1335600,3127.2601272937663,142.14818760426212,1279.333688438359,1705.778251251145
1339200,2723.006887323059,123.77304033286632,1113.957362995797,1485.2764839943957
1342800,3895.8899693467797,177.0859076975809,1593.7731692782281,2125.0308923709704
1346400,3539.416516238974,160.88256891995337,1447.9431202795804,1930.5908270394402
1350000,3807.8292496917425,173.083147713261,1557.7483294193494,2076.997772559132
1353600,3434.007559043521,156.0912526837964,1404.8212741541677,1873.0950322055567
1357200,3109.6137576603082,141.34607989365037,1272.1147190428535,1696.1529587238044
1360800,2915.772504035455,132.5351138197934,1192.8160243781408,1590.4213658375206
1364400,2138.914077046592,97.22336713848145,875.0103042463331,1166.6804056617773
1368000,1830.4003930981883,83.20001786809947,748.8001608128952,998.4002144171935
1371600,1403.7842170054876,63.80837350024944,574.2753615022449,765.7004820029931
1375200,1977.8844878894206,89.90384035861003,809.1345632274903,1078.8460843033201
1378800,1422.0724739772293,64.63965790805588,581.7569211725029,775.6758948966705
1382400,1506.2765212916047,68.46711460416385,616.2040314374747,821.6053752499662
1386000,1162.6184825971059,52.846294663504814,475.6166519715433,634.1555359620577
1389600,1005.2219234310692,45.69190561050315,411.2271504945283,548.3028673260377
1393200,927.0872273353161,42.14032851524164,379.2629566371748,505.68394218289967
1396800,1082.6242556408288,49.21019343821949,442.89174094397544,590.5223212586338
1400400,998.3005238120007,45.37729653690913,408.39566883218214,544.5275584429095
1404000,1519.9145764394787,69.08702620179449,621.7832358161504,829.0443144215337
1407600,1379.1682866161138,62.68946757345972,564.2052081611375,752.2736108815166
1411200,1992.996438355254,90.5907471979661,815.3167247816949,1087.088966375593
1414800,3090.6377861027822,140.48353573194464,1264.351821587502,1685.8024287833357
1418400,2165.823911944603,98.4465414520274,886.0188730682468,1181.3584974243288
1422000,3758.866098372554,170.8575499260252,1537.7179493342267,2050.290599112302
1425600,3175.7919192858053,144.3541781493548,1299.1876033441931,1732.2501377922574
1429200,3704.957224580871,168.40714657185777,1515.66431914672,2020.885758862293
1432800,4065.6864573381436,184.80392987900652,1663.235368911059,2217.647158548078
1436400,4152.003160986989,188.72741640849952,1698.5467476764957,2264.728996901994
1440000,2957.4426419929227,134.4292109996783,1209.8628989971048,1613.1505319961395
1443600,3714.093046755002,168.82241121613646,1519.4017009452282,2025.8689345936373
1447200,2746.1217036387716,124.82371380176235,1123.4134242158611,1497.884565621148
1450800,2382.5137716750605,108.29608053068458,974.6647247761612,1299.5529663682148
1454400,1910.4170192692811,86.83713723951278,781.5342351556151,1042.0456468741534
1458000,1457.481898667222,66.24917721214645,596.2425949093181,794.9901265457573
1461600,1885.432621773613,85.7014828078915,771.3133452710235,1028.4177936946978
1465200,1192.891016933965,54.22231895154386,488.00087056389475,650.6678274185263
1468800,1555.2797453111623,70.6945338777801,636.250804900021,848.3344065333612
1472400,1006.4926827117026,45.749667395986485,411.74700656387836,548.9960087518377
1476000,1013.0582811306059,46.04810368775482,414.43293318979335,552.5772442530578
1479600,1080.2240821173377,49.10109464169717,441.90985177527455,589.213135700366
1483200,1123.8606876270546,51.08457671032067,459.761190392886,613.014920523848
1486800,954.3948417622003,43.38158371646365,390.43425344817285,520.5790045975638
1490400,1420.625968096117,64.5739076407326,581.1651687665934,774.886891688791
1494000,1389.2265958401936,63.146663447281526,568.3199710255337,757.7599613673783
1497600,1960.7587303785274,89.1253968353876,802.1285715184886,1069.5047620246512
1501200,2828.3709427922468,128.56231558146575,1157.0608402331918,1542.747786977589
1504800,2314.236482433428,105.19256738333765,946.7331064500388,1262.3108086000516
1508400,3635.3995163031136,165.24543255923246,1487.208893033092,1982.9451907107891
1512000,3136.1813181611737,142.55369628005334,1282.9832665204804,1710.64435536064
1515600,3976.0261109218113,180.72845958735508,1626.5561362861956,2168.7415150482607
1519200,3554.9157911173647,161.58708141442568,1454.2837327298312,1939.0449769731079
1522800,3946.4610698480574,179.3845940840026,1614.4613467560237,2152.615129008031
1526400,2928.167697488054,133.09853170400245,1197.886785336022,1597.1823804480293
1530000,3471.399620731099,157.7908918514136,1420.1180266627223,1893.4907022169627
1533600,2711.1608265175005,123.23458302352276,1109.1112472117047,1478.814996282273
1537200,2409.909305539422,109.54133206997372,985.8719886297636,1314.4959848396845
1540800,1922.6504633949914,87.39320288159053,786.5388259343148,1048.718434579086
1544400,1247.1990790135565,56.69086722788893,510.2178050510004,680.2904067346672
1548000,1790.4861683333993,81.38573492424543,732.4716143182088,976.628819090945
1551600,1391.4064865576854,63.2457493889857,569.2117445008713,758.9489926678284
1555200,1472.6546469218613,66.93884758735733,602.449628286216,803.2661710482879
1558800,1008.6489108142857,45.84767776428571,412.6290998785715,550.1721331714285
1562400,963.6159234998214,43.80072379544643,394.2065141590179,525.608685545357
1566000,1030.8528857317233,46.85694935144197,421.71254416297774,562.2833922173036
1569600,942.8580042822332,42.85718201282878,385.7146381154591,514.2861841539453
1573200,1001.1270269134648,45.50577395061204,409.55196555550833,546.0692874073444
1576800,1441.2232107748246,65.51014594431021,589.5913134987919,786.1217513317224
1580400,1286.1678566774071,58.46217530351851,526.1595777316666,701.5461036422221
1584000,1875.5195637008294,85.25088925912861,767.2580033321575,1023.0106711095432
1587600,3213.77718654875,146.08078120676137,1314.7270308608522,1752.9693744811361
1591200,2180.797496729246,99.12715894223847,892.1444304801462,1189.5259073068614
1594800,3371.185738239466,153.2357153745212,1379.1214383706906,1838.828584494254
1598400,3148.7581707247728,143.1253713965806,1288.1283425692252,1717.5044567589669
1602000,4094.5115491678152,186.1141613258098,1675.0274519322882,2233.3699359097172
1605600,4247.744791705284,193.07930871387654,1737.7137784248891,2316.9517045665184
1609200,4151.082854158799,188.6855842799454,1698.1702585195087,2264.2270113593445
1612800,3132.9285160694158,142.4058416395189,1281.6525747556702,1708.8700996742266
1616400,3151.0192377088338,143.22814716858335,1289.0533245172503,1718.7377660230002
1620000,2895.2961011297566,131.60436823317076,1184.439314098537,1579.252418798049
1623600,2262.6141040983257,102.84609564083298,925.6148607674969,1234.1531476899956
1627200,1951.7055449210209,88.71388840550095,798.4249956495086,1064.5666608660113
1630800,1460.407697336871,66.38216806076687,597.4395125469018,796.5860167292024
1634400,1778.225307496686,80.82842306803119,727.4558076122806,969.9410768163741
1638000,1320.2997088297177,60.013623128623536,540.1226081576118,720.1634775434824
1641600,1298.0427615016401,59.00194370462001,531.0174933415801,708.02332445544
1645200,1089.2198486166683,49.50999311893947,445.5899380704552,594.1199174272735
1648800,957.7713989745276,43.53506358975126,391.81557230776133,522.4207630770151
1652400,915.4681862759969,41.61219028527259,374.5097125674533,499.346283423271
1656000,952.0877368229714,43.27671531013506,389.4904377912156,519.3205837216207
1659600,968.6488451928656,44.02949296331207,396.26543666980865,528.3539155597448
1663200,1452.2416197475302,66.01098271579683,594.0988444421715,792.1317925895619
1666800,1427.104947113377,64.86840668697168,583.8156601827452,778.4208802436601
1670400,2234.4109244044807,101.5641329274764,914.0771963472877,1218.7695951297167
1674000,2855.4359424736917,129.79254283971326,1168.1328855574195,1557.510514076559
1677600,2141.1754445233673,97.32615656924398,875.9354091231958,1167.9138788309276
1681200,3715.843674981566,168.90198522643482,1520.1178670379134,2026.8238227172176
1684800,2799.552439998678,127.25238363630355,1145.271452726732,1527.0286036356424
1688400,4106.518633331167,186.6599378786894,1679.9394409082047,2239.9192545442725
1692000,3493.7070638986283,158.80486654084675,1429.2437988676209,1905.6583984901608
1695600,4322.156032014882,196.46163781885826,1768.1547403697245,2357.539653826299
1699200,2918.916639189478,132.67802905406717,1194.1022614866047,1592.136348648806
1702800,3706.249156374013,168.46587074427333,1516.19283669846,2021.5904489312798
1706400,2758.4381580979802,125.38355264081729,1128.4519737673556,1504.6026316898074
1710000,2456.9921673745707,111.68146215338957,1005.1331593805063,1340.1775458406748
1713600,1812.815120839746,82.40068731089755,741.606185798078,988.8082477307705
1717200,1365.1875501367601,62.05397955167092,558.4858159650382,744.6477546200509
1720800,2109.1380754158645,95.86991251890294,862.8292126701265,1150.438950226835
1724400,1328.358224890796,60.379919313218004,543.419273818962,724.5590317586159
1728000,1475.871611353383,67.0850732433356,603.7656591900204,805.020878920027
1731600,1139.0016361018297,51.77280164099226,465.9552147689304,621.2736196919071
1735200,1041.484168142704,47.340189461032004,426.061705149288,568.082273532384
1738800,1016.3025217049817,46.19556916840826,415.76012251567437,554.3468300208991
1742400,1048.334767975424,47.651580362519276,428.8642232626735,571.8189643502312
1746000,1016.044240301523,46.18382910461468,415.6544619415322,554.2059492553761
1749600,1258.2977396844046,57.19535180383657,514.7581662345292,686.3442216460388
1753200,1342.2076058461228,61.00943662936922,549.084929664323,732.1132395524305
1756800,2229.599825791198,101.34544662687263,912.1090196418537,1216.1453595224714
1760400,3157.3254503589687,143.51479319813495,1291.6331387832145,1722.1775183776192
1764000,2217.210387763856,100.78229035290255,907.040613176123,1209.3874842348305
1767600,3543.8690567727467,161.08495712603394,1449.7646141343055,1933.019485512407
1771200,2831.42961524216,128.7013461473709,1158.3121153263382,1544.4161537684506
1774800,3523.901279644921,160.17733089295095,1441.5959780365588,1922.1279707154113
1778400,3843.332110564169,174.69691411655313,1572.2722270489783,2096.3629693986372
1782000,3834.9927434282586,174.31785197401175,1568.860667766106,2091.814223688141
1785600,3266.1778806786197,148.46263093993727,1336.1636784594355,1781.551571279247
1789200,3147.055230874318,143.04796503974174,1287.4316853576756,1716.5755804769008
1792800,3003.5157624364274,136.52344374711035,1228.7109937239932,1638.2813249653238
1796400,2453.9710935842377,111.54414061746535,1003.8972655571882,1338.529687409584
1800000,2060.280999028298,93.6491363194681,842.8422268752129,1123.789635833617
1803600,1360.3906392478048,61.83593814762749,556.5234433286474,742.0312577715298
1807200,1854.7077537237294,84.30489789653316,758.7440810687984,1011.6587747583978
1810800,1405.2330929615027,63.874231498250126,574.8680834842512,766.4907779790015
1814400,1491.7923308165825,67.80874230984466,610.278680788602,813.7049077181358
1818000,1022.1295602093084,46.460434554968565,418.1439109947171,557.5252146596227
1821600,1137.4201815980819,51.70091734536736,465.30825610830624,620.4110081444082
1825200,1054.9481716963437,47.95218962256108,431.5697066030497,575.4262754707329
1828800,1123.6942441216618,51.07701109643917,459.6930998679526,612.92413315727
1832400,983.0414510399847,44.683702319999306,402.15332087999377,536.2044278399916
1836000,1415.526275030121,64.34210341046006,579.0789306941405,772.1052409255205
1839600,1380.7475500082285,62.7612522731013,564.8512704579117,753.1350272772155
1843200,2222.366240685626,101.0166473038921,909.1498257350289,1212.1997676467051
1846800,3143.1504590193063,142.87047540996846,1285.8342786897163,1714.4457049196214
1850400,2033.5762851922104,92.43528569055502,831.9175712149952,1109.2234282866602
1854000,3132.897743196426,142.40444287256483,1281.6399858530833,1708.8533144707776
1857600,2890.153049501081,131.37059315914004,1182.3353384322606,1576.4471179096804
1861200,3991.7623799354574,181.4437445425208,1632.993700882687,2177.3249345102495
1864800,4248.73205961501,193.124184527955,1738.1176607515952,2317.4902143354598
1868400,3674.638516510839,167.0290234777654,1503.2612112998888,2004.3482817331849
1872000,3272.9076667837317,148.76853030835144,1338.916772775163,1785.222363700217
1875600,3355.4660372081285,152.5211835094604,1372.6906515851435,1830.2542021135246
1879200,3001.0575945321866,136.41170884237212,1227.7053795813492,1636.9405061084653
1882800,2389.519110080756,108.61450500367073,977.5305450330367,1303.3740600440487
1886400,2115.83590545485,96.17435933885682,865.5692340497114,1154.0923120662817
1890000,1342.183145869096,61.00832481223164,549.0749233100847,732.0998977467796
1893600,1895.3116743254789,86.15053065115814,775.3547758604233,1033.8063678138974
1897200,1262.3275001720754,57.378522735094336,516.4067046158491,688.542272821132
1900800,1310.996808900378,59.590764040926274,536.3168763683365,715.0891684911153
1904400,1176.0437098778802,53.45653226717638,481.1087904045874,641.4783872061164
1908000,1116.8142953272154,50.764286151237066,456.8785753611336,609.1714338148447
1911600,1090.0660417160043,49.54845644163656,445.93610797472905,594.5814772996387
1915200,1133.3515494362687,51.515979519830395,463.6438156784736,618.1917542379647
1918800,951.007590731144,43.22761776050655,389.04855984455895,518.7314131260785
1922400,1458.59271019476,66.29966864521637,596.6970178069473,795.5960237425963
1926000,1528.563531007193,69.48016050032696,625.3214445029427,833.7619260039233
1929600,2188.3802581044088,99.47182991383677,895.2464692245309,1193.661958966041
1933200,2780.740161203671,126.39728005471233,1137.575520492411,1516.7673606565477
1936800,2214.9229515790894,100.67831598086771,906.1048438278093,1208.1397917704123
1940400,3204.0449142406164,145.6384051927553,1310.7456467347977,1747.6608623130635
1944000,3232.4742385295363,146.93064720588802,1322.375824852992,1763.167766470656
1947600,3838.1378627791555,174.46081194450707,1570.1473075005638,2093.5297433340847
1951200,3661.3313805876655,166.4241536630757,1497.8173829676814,1997.0898439569082
1954800,4086.543416599713,185.75197348180515,1671.7677613362464,2229.0236817816617
1958400,3288.325740698832,149.46935184994692,1345.2241666495222,1793.6322221993628
1962000,3339.841123766037,151.8109601711835,1366.2986415406517,1821.7315220542018
1965600,2531.219145845142,115.05541572023374,1035.4987414821037,1380.6649886428047
1969200,2313.234347242268,105.14701578373946,946.3231420536551,1261.7641894048734
1972800,1989.7889166378168,90.4449507562644,814.0045568063797,1085.3394090751726
1976400,1424.200822522765,64.73640102376206,582.6276092138585,776.8368122851446
1980000,1935.9356912608205,87.99707687549184,791.9736918794266,1055.964922505902
1983600,1415.384397759238,64.33565444360173,579.0208899924156,772.0278533232207
1987200,1453.5750509069053,66.07159322304115,594.6443390073704,792.8591186764937
1990800,1109.4487002440442,50.42948637472928,453.86537737256356,605.1538364967513
1994400,1130.2156005076054,51.373436386709336,462.360927480384,616.481236640512
1998000,971.889918014762,44.17681445521645,397.5913300969481,530.1217734625974
2001600,955.4875999542377,43.43125454337444,390.88129089037,521.1750545204933
2005200,851.9364819373602,38.72438554260729,348.51946988346555,464.69262651128736
2008800,1454.7586259391055,66.12539208814115,595.1285287932704,793.5047050576939
2012400,1437.4757034469717,65.33980470213508,588.0582423192158,784.0776564256208
2016000,2128.8329107363493,96.7651323061977,870.8861907557794,1161.1815876743722
2019600,2760.5999057471986,125.48181389759993,1129.3363250783996,1505.781766771199
2023200,2074.358961892277,94.28904372237623,848.601393501386,1131.4685246685146
2026800,3124.7150030740304,142.03250013972865,1278.292501257558,1704.3900016767436
2030400,2874.817130828141,130.67350594673368,1176.0615535206034,1568.082071360804
2034000,3825.918068007275,173.90536672760342,1565.1483005484308,2086.864400731241
2037600,3788.005857192182,172.18208441782645,1549.638759760438,2066.1850130139173
2041200,3901.464309035178,177.33928677432627,1596.0535809689366,2128.071441291915
2044800,3472.0963029905106,157.8225592268414,1420.4030330415726,1893.8707107220966
2048400,3333.0301859145084,151.5013720870231,1363.5123487832082,1818.016465044277
2052000,2750.915305248552,125.0416047840251,1125.374443056226,1500.499257408301
2055600,2363.3674252930873,107.4257920587767,966.8321285289903,1289.1095047053202
2059200,1940.734938687471,88.21522448579414,793.9370203721472,1058.5826938295295
2062800,1383.619036159155,62.891774370870685,566.0259693378362,754.7012924504481
2066400,2067.8990417314253,93.99541098779206,845.9586988901286,1127.9449318535046
2070000,1441.1257289262635,65.5057149511938,589.5514345607442,786.0685794143254
2073600,1337.0931585207504,60.7769617509432,546.9926557584888,729.3235410113184
2077200,1189.6056860126525,54.07298572784784,486.6568715506306,648.8758287341741
2080800,1049.3827817356635,47.699217351621066,429.2929561645896,572.3906082194527
2084400,943.1030707384067,42.868321397200305,385.81489257480274,514.4198567664037
2088000,1022.5242015787671,46.47837279903487,418.3053551913139,557.7404735884184
2091600,1030.8818079324028,46.8582639969274,421.72437597234665,562.2991679631288
2095200,1382.0864964876703,62.82211347671229,565.3990212904106,753.8653617205474
2098800,1355.6237270721151,61.61926032145978,554.573342893138,739.4311238575173
2102400,2099.9202874753432,95.45092215797015,859.0582994217314,1145.4110658956417
2106000,2776.5213356168515,126.20551525531144,1135.849637297803,1514.4661830637372
2109600,2047.2870116290976,93.05850052859535,837.5265047573581,1116.7020063431441
2113200,3203.8513262421243,145.62960573827837,1310.6664516445055,1747.5552688593405
2116800,2742.922439558459,124.67829270720267,1122.104634364824,1496.139512486432
2120400,3496.677090021612,158.9398677282551,1430.4588095542958,1907.278412739061
2124000,3591.7882138563664,163.26310062983484,1469.3679056685137,1959.157207558018
2127600,4062.185560600135,184.64479820909705,1661.8031838818736,2215.7375785091645
2131200,3008.0424079052686,136.7292003593304,1230.5628032339737,1640.7504043119645
2134800,3331.2508872666563,151.4204948757571,1362.784453881814,1817.045938509085
2138400,2960.9371675181137,134.58805306900518,1211.2924776210466,1615.056636828062
2142000,2224.8430937663024,101.12923153483193,910.1630838134874,1213.550778417983
2145600,2048.151174547332,93.09778066124237,837.8800259511814,1117.1733679349084
2149200,1262.124422167954,57.36929191672518,516.3236272505267,688.4315030007022
2152800,1809.4967989012255,82.24985449551025,740.2486904595922,986.9982539461229
2156400,1200.8327055716704,54.58330479871229,491.24974318841066,654.9996575845474
2160000,1343.3833478276279,61.06287944671036,549.5659150203933,732.7545533605243
2163600,1047.5530169419078,47.61604622463217,428.5444160216896,571.392554695586
2167200,983.1450198788464,44.68840999449302,402.19568995043716,536.2609199339162
2170800,909.4991970007835,41.340872590944706,372.0678533185024,496.09047109133644
2174400,952.728910262233,43.30585955737423,389.75273601636803,519.6703146884906
2178000,933.2018587272443,42.41826630578383,381.7643967520545,509.0191956694059
2181600,1302.835537931402,59.2197971787001,532.9781746083008,710.637566144401
2185200,1365.5951207906369,62.07250549048349,558.6525494143515,744.8700658858019
2188800,2046.7479029885965,93.03399559039075,837.3059603135168,1116.4079470846889
2192400,3040.253009290336,138.1933186041062,1243.7398674369558,1658.3198232492741
2196000,2030.9336444863063,92.31516565846847,830.8364909262162,1107.7819879016215
2199600,3667.9551111425008,166.72523232465912,1500.5270909219323,2000.7027878959093
2203200,3039.1732354411342,138.14423797459702,1243.2981417713731,1657.730855695164
2206800,3443.952484508881,156.54329475040367,1408.889652753633,1878.5195370048439
2210400,4160.697445702389,189.1226111682904,1702.1035005146136,2269.471334019485
2214000,4283.432428217825,194.70147400990115,1752.3132660891104,2336.4176881188137
2217600,2930.428734115312,133.20130609615055,1198.8117548653552,1598.4156731538064
2221200,3283.9600767717584,149.27091258053449,1343.4382132248104,1791.2509509664135
2224800,2911.2367197559033,132.32894180708652,1190.9604762637787,1587.9473016850382
2228400,2347.5360629892293,106.70618468132861,960.3556621319575,1280.4742161759432
2232000,1856.7005369798615,84.39547895363008,759.5593105826706,1012.7457474435607
2235600,1272.127114014299,57.823959727922684,520.4156375513041,693.8875167350722
2239200,1878.2098979436464,85.37317717925666,768.35859461331,1024.4781261510798
2242800,1318.1571034337658,59.91623197426208,539.2460877683587,718.9947836911449
2246400,1472.6652089028692,66.93932767740314,602.4539490966283,803.2719321288376
2250000,1067.3535102392063,48.51606864723665,436.6446178251299,582.1928237668398
2253600,1043.1644976089167,47.41656807313258,426.7491126581932,568.9988168775909
2257200,1040.0697298218631,47.27589681008469,425.4830712907622,567.3107617210162
2260800,935.4187096040124,42.51903225472784,382.67129029255057,510.228387056734
2264400,894.00942822222,40.63679219191909,365.7311297272718,487.641506303029
2268000,1443.1907124620773,65.59957783918533,590.396200552668,787.1949340702239
2271600,1514.6503676123045,68.84774398237748,619.6296958413974,826.1729277885297
2275200,2050.1268912462556,93.18758596573889,838.68827369165,1118.2510315888667
2278800,2947.540345540218,133.97910661546445,1205.8119595391802,1607.7492793855733
2282400,2061.2948295935294,93.6952195269786,843.2569757428075,1124.3426343237431
2286000,3424.321785222653,155.65099023739333,1400.8589121365399,1867.8118828487197
2289600,2982.7014057789647,135.5773366263166,1220.1960296368493,1626.928039515799
2293200,3564.7538335851027,162.03426516295923,1458.308386466633,1944.4111819555105
2296800,3692.767802805334,167.85308194569703,1510.677737511273,2014.236983348364
2300400,3853.903136297032,175.17741528622872,1576.5967375760586,2102.1289834347444
2304000,2904.08246357542,132.00374834433728,1188.0337350990355,1584.0449801320472
2307600,3315.034763963468,150.6833983619758,1356.1505852577825,1808.2007803437095
2311200,2584.92652614264,117.49666027921091,1057.4699425128981,1409.9599233505307
2314800,2159.3299106344766,98.15135957429439,883.3622361686496,1177.8163148915326
2318400,1831.0334814222965,83.22879461010439,749.0591514909395,998.7455353212525
2322000,1456.1323532917065,66.18783424053211,595.6905081647891,794.2540108863853
2325600,1964.252245048955,89.28419295677068,803.5577366109362,1071.410315481248
2329200,1369.6136082977603,62.25516401353456,560.296476121811,747.0619681624146
2332800,1521.8426621420124,69.17466646100057,622.5719981490051,830.0959975320067
2336400,1095.74850196483,49.806750089310455,448.2607508037941,597.6810010717254
2340000,964.2073399182811,43.82760635992187,394.4484572392969,525.9312763190624
2343600,998.3746650146035,45.38066659157288,408.425999324156,544.5679990988746
2347200,1048.8557701247253,47.6752622783966,429.07736050556946,572.1031473407592
2350800,986.7510921256595,44.85232236934816,403.67090132413347,538.2278684321778
2354400,1365.2115855445775,62.05507207020807,558.4956486318727,744.6608648424967
2358000,1299.1468942068266,59.052131554855755,531.4691839937018,708.625578658269
2361600,1956.8992097850842,88.9499640811402,800.5496767302618,1067.399568973682
2365200,2848.531002786315,129.47868194483252,1165.3081375034926,1553.74418333799
2368800,2302.334832944172,104.65158331564417,941.8642498407977,1255.81899978773
2372400,3509.7087789067596,159.53221722303454,1435.7899550073107,1914.3866066764142
2376000,2878.08227092478,130.82192140567182,1177.3972926510464,1569.8630568680617
2379600,4124.026970999224,187.45577140905567,1687.101942681501,2249.469256908668
2383200,3953.3401733302057,179.69728060591845,1617.275525453266,2156.367367271021
2386800,3743.2334429331977,170.14697467878173,1531.3227721090354,2041.7636961453804
2390400,2956.5808137039926,134.3900369865451,1209.5103328789062,1612.6804438385414
2394000,3198.7010724150527,145.39550329159331,1308.5595296243398,1744.7460394991197
2397600,2603.8602157627033,118.35728253466834,1065.215542812015,1420.28739041602
2401200,2084.7134568962524,94.7597025861933,852.8373232757397,1137.1164310343195
2404800,1857.511466848687,84.43233940221305,759.8910546199174,1013.1880728265564
2408400,1292.5881877289316,58.75400853313326,528.7860767981994,705.048102397599
2412000,1802.2024063007073,81.9182911954867,737.2646207593803,983.0194943458403
2415600,1427.1746165424581,64.87157347920264,583.8441613128238,778.4588817504316
2419200,1317.861495171733,59.90279523507877,539.1251571157089,718.8335428209452
2422800,1101.463337798812,50.06651535449146,450.5986381904231,600.7981842538975
2426400,1032.2046962078427,46.91839528217467,422.26555753957206,563.020743386096
2430000,1086.6293713857533,49.39224415389788,444.5301973850809,592.7069298467745
2433600,950.9563012380307,43.22528641991049,389.0275777791944,518.7034370389258
2437200,921.3650038700888,41.880227448640404,376.9220470377636,502.56272938368477
2440800,1514.0916221618877,68.82234646190399,619.4011181571359,825.8681575428478
2444400,1506.3124705234761,68.46874866015801,616.2187379414221,821.624983921896
2448000,2175.054672063222,98.86612145741918,889.7950931167727,1186.39345748903
2451600,2786.9225493302656,126.67829769683026,1140.1046792714724,1520.139572361963
2455200,2089.8018154741894,94.99099161246316,854.9189245121685,1139.891899349558
2458800,3577.4453928113753,162.61115421869889,1463.50038796829,1951.3338506243863
2462400,3217.849984980203,146.26590840819105,1316.3931756737195,1755.1909008982923
2466000,3800.9967367402082,172.77257894273674,1554.9532104846307,2073.2709473128407
2469600,3926.8888461042698,178.4949475501941,1606.4545279517467,2141.939370602329
2473200,3777.0152003539215,171.68250910699643,1545.142581962968,2060.190109283957
2476800,3385.5754366747547,153.88979257612522,1385.008133185127,1846.6775109135024
2480400,3222.2019658208405,146.46372571912912,1318.173531472162,1757.5647086295492
2484000,2646.5019656947156,120.29554389521435,1082.6598950569291,1443.546526742572
2487600,2203.137868120246,100.1426303691021,901.2836733219189,1201.711564429225
2491200,1984.7563583708263,90.21619810776484,811.9457829698836,1082.594377293178
2494800,1281.057656197821,58.229893463537316,524.0690411718359,698.7587215624477
2498400,1779.6287543978285,80.8922161089922,728.0299449809299,970.7065933079064
2502000,1351.5034702236896,61.43197591925862,552.8877832733276,737.1837110311034
2505600,1377.8230918227125,62.62832235557784,563.6549012002006,751.539868266934
2509200,1113.8988804238222,50.63176729199192,455.6859056279273,607.581207503903
2512800,978.3842776523595,44.4720126205618,400.2481135850562,533.6641514467415
2516400,987.2818927480323,44.876449670365105,403.88804703328594,538.5173960443813
2520000,1037.6696150978116,47.16680068626417,424.50120617637754,566.0016082351699
2523600,856.2708364528877,38.92140165694944,350.292614912545,467.05681988339325
2527200,1338.8978159153103,60.858991632514105,547.730924692627,730.3078995901692
2530800,1301.0655764038477,59.13934438199308,532.2540994379377,709.6721325839169
2534400,1866.739799171295,84.85180905324069,763.6662814791662,1018.2217086388881
2538000,3215.722246281481,146.1691930127946,1315.5227371151514,1754.030316153535
2541600,2157.5693337801413,98.07133335364279,882.6420001827851,1176.8560002437134
2545200,3675.1977384516103,167.05444265689138,1503.4899839120226,2004.6533118826965
2548800,2817.951895421459,128.08872251915724,1152.7985026724152,1537.0646702298866
2552400,3894.759425203172,177.03451932741692,1593.3106739467523,2124.4142319290027
2556000,4072.931309178266,185.13324132628483,1666.1991719365635,2221.598895915418
2559600,4026.4412462210626,183.02005664641194,1647.1805098177076,2196.240679756943
2563200,3194.168099076837,145.18945904894713,1306.7051314405242,1742.2735085873653
2566800,3376.743273248823,153.48833060221924,1381.394975419973,1841.8599672266305
2570400,2660.3218767022813,120.92372166828552,1088.3134950145698,1451.084660019426
2574000,2428.617527163764,110.3917057801711,993.5253520215399,1324.700469362053
2577600,2112.7803410378506,96.03547004717502,864.3192304245753,1152.4256405661001
2581200,1476.2567893245239,67.1025813329329,603.9232319963962,805.2309759951947
2584800,1783.2769868871778,81.05804485850808,729.5224037265727,972.6965383020969
2588400,1383.3029038176037,62.877404718981985,565.896642470838,754.5288566277837
